record_id,date,channel,sessions,orders,units_sold,gross_revenue_mad,discounts_mad,returned_orders,returns_mad,ad_spend_mad,new_customers,promo_day,campaign
REC01329,2026-03-19,Marketplace,1144,69,101,47280.96,10798.1,4,2241.91,2517.94,29,Oui,Ramadan
REC00301,2025-04-11,Web,2693,85,119,42595.57,5755.66,5,1907.83,5367.66,19,Non,None
REC00633,2025-07-30,Marketplace,1027,68,93,39612.58,973.15,2,1035.22,2124.66,20,Non,None
REC01790,20/08/2026,App,2608,107,144,48694.44,7527.2,5,1725.19,5817.62,27,Oui,Summer Sale
REC00869,2025-10-17,App,2242,90,127,43092.07,2223.98,7,2850.62,4511.38,23,Non,None
REC01482,09/05/2026,Marketplace,1191,60,85,33216.26,327.06,2,958.56,1558.9,22,Non,None
REC00983,24-11-2025,App,3179,171,209,83850.84,24559.77,2,855.22,5768.94,40,Oui,Black Friday
REC01676,2026/07/13,App,2684,121,172,55407.46,5498.97,5,1792.0,5455.12,49,Oui,Summer Sale
REC01430,22/04/2026,App,2063,108,146,52365.59,20.66,4,1700.23,3580.36,43,Non,None
REC01275,01-03-2026,Marketplace,1148,54,71,33551.73,3452.07,5,2746.26,1786.16,23,Non,None
REC01141,2026-01-16,Web,2797,91,128,46596.04,4062.56,8,3899.2,5322.91,39,Non,None
REC01514,20/05/2026,App,1994,85,117,40656.21,513.64,6,2372.74,4657.96,34,Non,None
REC01497,2026-05-14,Marketplace,1072,38,51,25517.75,998.31,2,1223.84,1888.69,13,Non,None
REC01804,2026/08/25,Web,3132,106,150,55926.64,11448.13,5,1906.97,6536.31,31,Oui,Summer Sale
REC00428,2025/05/23,APP ,2128,81,111,38718.69,1746.54,6,2702.94,3914.5,28,Non,None
REC00145,2025-02-18,Web,2910,107,134,63877.16,2044.63,5,2770.05,3724.08,43,Non,None
REC00130,13/02/2025,Web,2483,91,130,50083.86,1561.65,3,1538.98,5746.09,26,Non,None
REC01686,16/07/2026,Marketplace,1503,97,129,55483.33,9273.11,3,1269.78,2606.36,39,Oui,Summer Sale
REC00533,2025-06-27,App,2545,100,128,50164.15,5034.5,8,3458.22,4590.35,30,Non,None
REC00109,2025-02-06,Web,1937,63,89,37147.39,942.95,3,1537.54,4113.57,21,Non,None
REC00264,2025/03/29,Marketplace,1228,78,100,45590.26,3622.29,3,1562.8,1914.34,,Non,None
REC01396,2026/04/11,Web,2934,81,93,44282.41,4660.83,5,2600.04,4709.77,26,Non,None
REC01254,22/02/2026,Marketplace,1041,45,66,26169.92,1041.66,3,1289.21,1358.64,11,Non,None
REC00782,18/09/2025,App,1987,60,90,26717.35,1828.22,4,1494.77,4026.26,20,Non,None
REC01370,02/04/2026,App,1608,73,96,37526.43,3488.04,5,1860.48,4102.33,27,Non,None
REC01392,2026/04/09,Marketplace,996,60,91,36306.66,1887.28,4,1806.81,1653.36,14,Non,None
REC00573,2025-07-10,Marketplace,1225,81,104,49732.49,7842.18,2,1106.91,2001.85,34,Oui,Summer Sale
REC00613,2025-07-24,Web,3826,116,141,62037.94,15005.19,6,2533.85,6486.82,42,Oui,Summer Sale
REC00696,2025/08/20,Marketplace,1242,80,107,51435.73,7731.47,6,3398.73,1914.28,22,Oui,Summer Sale
REC00660,2025/08/08,Marketplace,1119,43,57,26350.93,262.13,4,2131.59,2037.35,16,Non,None
REC01269,2026-02-27,Marketplace,798,31,40,18367.37,2365.88,2,896.09,1469.97,9,Non,None
REC00684,2025/08/16,Marketplace,1391,67,91,45024.42,5080.09,2,984.9,2531.1,26,Oui,Summer Sale
REC00501,2025-06-16,Marketplace,1025,58,79,33777.75,1952.67,5,2354.92,2032.82,22,Non,None
REC00388,2025/05/10,Web,3398,85,118,51163.82,5113.3,2,1038.64,5415.97,37,Non,None
REC01373,2026-04-03,App,1927,74,103,36659.81,2903.36,3,1424.87,3389.77,32,Non,None
REC01519,22-05-2026,Web,3028,105,149,63507.55,4164.23,6,3010.11,4677.5,33,Non,None
REC01532,2026/05/26,App,1832,65,88,27792.47,3148.74,5,1925.84,4225.84,16,Non,None
REC00510,19/06/2025,Marketplace,1162,69,94,39573.08,4146.36,4,1759.38,1678.85,24,Non,None
REC00524,2025/06/24,App,2270,99,120,40190.46,4582.23,6,2245.87,4684.58,40,Non,None
REC01425,2026-04-20,Marketplace,877,49,67,30586.83,3730.38,3,1717.22,1831.42,,Non,None
REC01380,2026/04/05,Marketplace,1244,73,105,42398.0,2725.96,5,2140.74,1694.09,20,Non,None
REC00704,2025/08/23,App,3193,158,220,66094.35,8278.54,9,3536.92,5298.87,48,Oui,Summer Sale
REC01567,07-06-2026,Web,3082,112,158,65892.76,8351.68,5,2444.77,5266.98,43,Non,None
REC00389,2025-05-10,App,2470,112,150,51227.61,3417.14,7,2500.92,3394.96,35,Non,None
REC00183,02-03-2025,Marketplace,1175,42,53,24342.98,1920.61,3,1497.56,2139.74,18,Non,None
REC00281,2025-04-04,App,1833,74,100,30634.83,3061.48,4,1213.58,4154.58,29,Non,None
REC00891,24-10-2025,Marketplace,1081,51,71,31820.76,1542.49,4,2320.15,1873.87,18,Non,None
REC00605,2025-07-21,app,2548,99,141,46018.66,11414.72,8,3129.45,4762.06,32,Oui,Summer Sale
REC00254,26/03/2025,App,2102,85,130,40622.61,5973.27,3,1388.69,4682.83,33,Non,None
REC00307,13-04-2025,Web,2850,100,132,60167.82,9023.89,3,1471.31,6330.5,39,Non,None
REC01719,27-07-2026,Marketplace,1091,62,89,37014.03,324.83,4,1755.52,2168.5,18,Non,None
REC00439,27-05-2025,Web,2391,66,92,34579.79,1820.24,3,1339.85,6086.3,22,Non,None
REC00971,20-11-2025,App,3417,176,244,82308.41,22313.2,20,6813.63,4775.0,70,Oui,Black Friday
REC00597,2025-07-18,Marketplace,1135,65,90,35597.59,7325.52,5,2573.63,,21,Oui,Summer Sale
REC00279,03-04-2025,Marketplace,1075,69,85,44392.72,768.26,6,3466.71,2124.58,16,Non,None
REC00803,25-09-2025,App,1876,71,104,36644.69,2916.03,4,1750.28,4543.79,23,Non,None
REC00901,2025-10-28,Web,2589,82,97,44316.12,4236.55,7,3661.41,5358.07,28,Non,None
REC00794,22/09/2025,App,2011,81,121,36046.79,553.6,1,412.67,4196.09,22,Non,None
REC01017,2025-12-05,Marketplace,1265,50,69,32474.38,1392.07,4,2511.79,2351.47,16,Non,None
REC00187,04-03-2025,Web,2369,60,89,36121.32,2031.3,5,2366.06,4443.5,22,Non,None
REC01140,2026/01/15,Marketplace,773,43,54,25856.51,3821.28,3,1598.93,1950.34,10,Non,None
REC00132,2025/02/13,Marketplace,876,45,63,29822.49,3417.71,2,1212.83,1517.43,14,Non,None
REC01090,30/12/2025,Web,3916,168,230,91154.16,12892.83,9,4092.82,7521.04,49,Oui,Year End
REC01357,2026-03-29,Web,2708,108,158,53601.46,895.49,10,3849.54,5541.32,28,Non,None
REC00837,2025-10-06,Marketplace,1149,60,87,38537.8,2105.8,4,1855.32,2137.53,16,Non,None
REC01111,06-01-2026,Web,2541,89,120,48741.44,5750.05,6,2727.83,4712.5,24,Non,None
REC01071,23-12-2025,Marketplace,1493,78,104,48943.67,7458.39,5,2674.37,2872.57,27,Oui,Year End
REC00029,2025-01-10,App,1634,70,97,30811.79,1951.01,6,2286.02,4106.35,25,Non,None
REC01479,08-05-2026,Marketplace,857,52,68,31371.01,1811.49,4,2131.37,1946.53,13,Non,None
REC00978,22/11/2025,Marketplace,1941,131,190,86395.37,15060.52,8,4388.51,2867.25,49,Oui,Black Friday
REC00924,2025/11/04,Marketplace,1294,49,72,27974.69,2875.43,3,1446.42,2534.9,22,Non,None
REC01589,2026-06-14,App,2270,78,109,34433.18,2028.97,2,698.5,3868.88,33,Non,None
REC00490,13/06/2025,Web,2269,83,109,50648.96,4780.13,2,1038.28,5795.36,20,Non,None
REC01713,2026-07-25,Marketplace,1171,77,103,46091.08,9831.83,4,2040.71,2397.57,18,Oui,Summer Sale
REC00853,2025-10-12,Web,2918,61,84,33074.03,3831.33,3,1535.8,4945.96,19,Non,None
REC00635,31-07-2025,App,2108,67,95,33271.66,1089.51,1,462.75,4386.35,23,Non,None
REC00040,2025/01/14,Web,2525,94,138,52902.27,3728.64,4,1694.27,4288.52,38,Non,None
REC00097,2025-02-02,WEB,2875,87,118,48201.93,4155.68,4,2013.59,4731.4,38,Non,None
REC00319,17-04-2025,Web,2973,87,119,54897.22,6268.18,7,4317.79,5420.61,23,Non,None
REC01305,2026-03-11,Marketplace,1320,68,92,44244.61,0.0,2,1034.58,2519.26,24,Oui,Ramadan
REC00709,2025-08-25,Web,3020,101,140,56241.85,19441.84,4,1667.8,7118.27,30,Oui,Summer Sale
REC00972,2025/11/20,Marketplace,1484,93,123,60131.75,9973.94,7,4051.54,2478.4,22,Oui,Black Friday
REC00114,07/02/2025,Marketplace,788,39,51,22887.29,1115.79,2,1050.49,1751.18,11,Non,None
REC00990,26/11/2025,Marketplace,1280,91,126,47032.17,3443.87,4,1826.08,2673.82,31,Oui,Black Friday
REC00711,25-08-2025,Marketplace,1144,47,63,24229.06,3247.8,2,968.75,2155.67,20,Oui,Summer Sale
REC00727,31-08-2025,Web,3641,137,189,77806.87,5346.43,4,1866.94,6106.58,57,Non,None
REC01256,2026/02/23,App,1690,84,105,39622.13,5095.23,2,750.14,3016.6,23,Non,None
REC00413,2025-05-18,App,2058,77,107,37220.88,4716.29,4,1500.77,4881.69,20,Non,None
REC00721,2025-08-29,Web,2732,80,103,49606.03,302.4,4,1884.46,5707.31,35,Non,None
REC00053,2025-01-18,App,2104,77,114,38307.86,5373.44,8,3191.38,3935.37,21,Non,None
REC00125,2025-02-11,App,1635,71,89,31573.69,2202.97,4,1736.11,3471.81,18,Non,None
REC00731,01-09-2025,App,,173,237,85786.6,17648.04,9,3297.73,5633.71,69,Oui,Back to School
REC00498,15/06/2025,Marketplace,1415,59,82,38640.21,3137.89,4,2267.62,1871.25,22,Non,None
REC01135,14-01-2026,Web,2440,74,97,38879.01,1757.84,6,2836.97,3628.16,22,Non,None
REC00327,19-04-2025,Marketplace,1289,73,100,39649.88,587.89,5,2344.25,1967.25,27,Non,None
REC01245,2026-02-19,Marketplace,798,38,48,22715.09,603.14,1,568.89,1299.75,12,Non,None
REC00583,14-07-2025,Web,2808,108,147,59003.39,14744.07,3,1590.61,6801.39,45,Oui,Summer Sale
REC01675,13-07-2026,Web,3580,170,225,84399.32,14823.03,10,3599.96,7933.86,72,Oui,Summer Sale
REC01388,2026/04/08,App,2154,90,124,41334.82,3189.22,4,1494.6,4042.4,31,Non,None
REC01773,2026-08-14,Marketplace,1340,76,108,44663.93,8793.22,5,2169.17,2242.74,30,Oui,Summer Sale
REC01393,2026-04-10,Web,2843,75,102,38549.42,676.81,2,889.22,4630.82,30,Non,None
REC00334,22/04/2025,Web,2992,123,159,64646.48,6079.53,4,1782.61,4081.18,51,Non,None
REC00147,18-02-2025,Marketplace,832,49,61,27375.74,2185.56,3,1293.71,1671.36,15,Non,None
REC01796,2026/08/22,App,2688,123,173,58892.9,6103.56,4,1564.84,5062.14,29,Oui,Summer Sale
REC00387,09-05-2025,Marketplace,971,47,63,30431.86,2904.25,3,1811.73,2112.96,13,Non,None
REC00033,2025-01-11,Marketplace,1040,64,79,36233.68,1695.49,5,2404.13,1810.3,21,Non,None
REC01293,2026-03-07,Marketplace,1304,74,92,41364.06,9130.91,4,2132.42,2192.6,23,Oui,Ramadan
REC01064,2025/12/21,App,3246,154,202,77241.62,10935.72,5,2249.13,6988.84,46,Oui,Year End
REC00867,16-10-2025,Marketplace,1051,59,78,37701.57,3145.98,2,1176.31,2131.48,23,Non,None
REC00517,2025-06-22,Web,3558,102,129,52234.57,28.48,1,433.84,5752.28,32,Non,None
REC00124,2025/02/11,Web,2137,65,87,37835.08,4954.67,1,505.27,4730.65,26,Non,None
REC01413,2026-04-16,Marketplace,854,53,69,31722.39,1232.17,4,1777.06,1924.65,12,Non,None
REC00509,2025-06-19,App,2328,102,143,43542.22,3486.24,6,1962.46,4156.87,38,Non,None
REC01436,2026/04/24,App,5266,226,290,103517.7,9608.72,4,5134.59,4303.57,22,Non,None
REC01058,19/12/2025,App,3148,144,189,66523.99,10262.57,6,2129.26,5702.87,42,Oui,Year End
REC00749,2025-09-07,App,2618,125,153,53204.06,0.0,3,1061.01,5359.2,47,Oui,Back to School
REC01732,2026/08/01,Web,3689,90,115,51049.06,4373.31,2,993.53,5072.9,31,Non,None
REC00416,2025/05/19,App,1910,93,137,42743.19,3506.74,5,2073.44,4542.2,35,Non,None
REC00998,29/11/2025,App,2711,113,158,52262.53,13934.2,1,372.58,6290.69,41,Oui,Black Friday
REC00195,06-03-2025,Marketplace,1413,80,111,45269.6,10445.43,8,3889.99,2358.26,27,Oui,Ramadan
REC00587,15-07-2025,App,2646,169,240,65574.11,17269.21,8,2667.04,4989.45,42,Oui,Summer Sale
REC01134,13/01/2026,Marketplace,951,43,58,25551.54,945.98,3,1500.03,1591.14,15,Non,None
REC00746,06/09/2025,App,2782,122,154,57337.73,6577.29,7,2766.73,5224.73,37,Oui,Back to School
REC00975,21-11-2025,Marketplace,1611,105,141,57247.11,6895.23,7,3565.7,3225.74,24,Oui,Black Friday
REC00508,2025/06/19,Web,2672,85,112,46848.41,1728.17,2,915.49,5962.58,32,Non,None
REC00093,2025-01-31,Marketplace,951,42,52,19682.1,806.29,2,833.49,1612.91,13,Non,None
REC00066,22/01/2025,Marketplace,1010,63,87,32285.05,788.45,6,2575.73,1703.83,17,Non,None
REC00784,2025/09/19, Web ,2759,88,114,48344.22,3718.47,3,1246.29,5429.18,29,Non,None
REC00896,2025/10/26,App,1907,80,100,40036.26,3185.66,3,1240.33,4025.9,24,Non,None
REC00292,2025/04/08,Web,2949,95,126,52560.69,1395.45,4,2101.54,4683.44,32,Non,None
REC00027,09-01-2025,Marketplace,882,50,72,29925.94,1363.17,4,1993.82,1147.45,12,Non,None
REC01681,2026-07-15,Web,3837,145,198,86732.3,22678.79,8,3763.95,7333.03,39,Oui,Summer Sale
REC01529,2026-05-25,App,2156,112,153,52138.2,1256.77,8,2761.46,4723.57,44,Non,None
REC00111,06-02-2025,Marketplace,847,54,71,34942.22,0.0,3,1486.58,1559.27,15,Non,None
REC00538,29/06/2025,Web,3122,102,133,58705.36,6618.32,6,3384.11,6155.37,29,Non,None
REC01528,2026/05/25,Web,2787,85,111,49070.64,1076.59,4,2044.48,5112.49,23,Non ,None
REC01273,2026-03-01,Web,3247,93,131,52584.64,6342.75,6,3217.43,5089.24,38,Non,None
REC00451,31-05-2025,Web,2904,91,118,56974.8,4094.83,6,3330.64,6232.12,31,Non,None
REC00873,2025-10-18,Marketplace,1209,80,115,53635.96,6892.56,3,1472.07,1881.64,25,Non,None
REC01625,2026-06-26,App,1938,75,102,34343.34,5557.02,4,1721.55,3851.33,18,Non,None
REC00892,2025/10/25,Web,3137,92,120,55996.17,2741.12,3,1435.26,6468.22,25,Non,None
REC01201,2026-02-05,Web,2058,55,69,32023.96,1308.95,3,1476.71,4005.06,17,Non,None
REC00332,2025/04/21,App,1727,61,84,32283.97,2198.11,3,1503.74,3988.93,22,Non,None
REC00691,19-08-2025,Web,3694,130,173,74367.68,17295.73,1,422.11,7084.58,30,Oui,Summer Sale
REC01234,16/02/2026,Web,2418,110,137,61447.67,1603.92,3,1318.57,5117.03,48,Non,None
REC01006,02/12/2025,Web,3687,135,179,70667.39,9567.49,4,1642.22,6939.44,53,Non,None
REC01289,2026-03-06,App,2769,138,206,62435.88,8738.13,4,1657.68,4634.83,57,Oui,Ramadan
REC01417,2026-04-18,Web,2955,61,85,35341.96,3397.98,2,996.65,4903.21,19,Non,None
REC00536,2025/06/28,App,2399,128,162,60697.97,3712.21,5,2067.72,4385.4,50,Non,None
REC00774,15/09/2025,Marketplace,1160,88,121,48044.15,8840.32,7,3670.9,2292.02,28,Oui,Back to School
REC00646,04/08/2025,Web,2765,94,114,53590.71,5809.9,5,2314.74,5774.65,35,Non,None
REC00874,19/10/2025,Web,3361,97,132,51756.59,5849.25,6,2667.06,6675.49,35,Non,None
REC00822,01/10/2025,Marketplace,1140,63,85,39478.69,3007.53,3,1835.64,2125.3,26,Non,None
REC01693,2026-07-19,Web,3925,162,220,77092.6,7139.6,14,4824.15,7585.35,36,Oui,Summer Sale
REC00283,05-04-2025,Web,2958,97,119,53459.18,5910.73,5,2142.27,5189.51,41,Non,None
REC00758,10/09/2025,app,2912,158,213,63162.11,6769.49,5,1822.05,4817.73,61,Oui,Back to School
REC01048,2025/12/16,Web,4144,123,161,63176.67,10008.1,4,1743.07,7654.52,40,Oui,Year End
REC01091,30-12-2025,App,3175,167,210,72273.01,20105.17,10,3353.24,5721.22,43,Oui,Year End
REC01451,29-04-2026,App,1819,68,96,32258.48,3227.95,3,1214.06,3941.87,24,Non,None
REC00626,28/07/2025,App,1839,60,76,27811.0,3035.78,3,1225.9,3798.11,21,Non,None
REC01341,2026-03-23,Marketplace,931,39,53,25387.22,1454.86,2,964.28,1811.41,11,Non,None
REC00807,26-09-2025,Marketplace,903,45,55,29582.65,161.13,3,1546.33,1932.8,19,Non,None
REC00370,04/05/2025,Web,3186,77,106,42136.27,1802.22,5,2588.08,6156.04,18,Non,None
REC01332,2026/03/20,Marketplace,1317,72,99,37094.26,8041.12,3,1261.18,2211.7,31,Oui,Ramadan
REC01777,2026-08-16,Web,3945,113,156,62967.25,10093.41,8,3368.14,5655.51,41,Oui,Summer Sale
REC01598,17/06/2026,App,1725,71,100,39180.91,3652.58,3,1444.85,4924.02,18,Non,None
REC00176,2025/02/28,App,1816,81,107,35796.58,2123.51,2,856.59,4028.54,19,Non,None
REC01537,2026-05-28,Web,2651,73,103,42748.18,120.56,4,2091.11,5861.92,22,Non,None
REC00596,2025/07/18,App,2471,112,148,47746.69,7482.52,9,2857.93,6221.21,31,Oui,Summer Sale
REC00695,20-08-2025,App,2519,108,149,50326.48,6374.95,5,2165.77,5691.16,43,Oui,Summer Sale
REC00103,04-02-2025,Web,2826,82,100,46816.54,3294.13,4,2123.79,4673.72,22,Non,None
REC00673,2025-08-13,Web,3718,128,182,74631.88,15263.01,6,2536.95,6354.18,40,Oui,Summer Sale
REC01203,05-02-2026,Marketplace,723,30,38,17200.95,981.54,1,450.65,1278.6,11,Non,None
REC01129,2026-01-12,Web,1945,58,81,34254.56,0.0,1,551.26,4621.18,17,Non,None
REC01661,2026-07-08,App,2071,71,99,31006.11,2681.99,4,1298.41,4056.35,28,Non,None
REC00377,2025-05-06,App,1851,64,95,27781.39,1821.15,3,1004.34,3297.42,22,Non,None
REC00676,2025/08/14,Web,3208,119,145,61075.78,6849.02,131,76344.73,6913.68,39,Oui,Summer Sale
REC00197,2025-03-07,App,2411,109,141,46851.99,13886.21,2,821.97,5316.61,29,Oui,Ramadan
REC00951,13-11-2025,Marketplace,1271,69,93,47979.52,4409.99,5,,2222.43,26,Non,None
REC00051,17-01-2025,Marketplace,812,50,68,31014.42,2494.68,3,1491.16,1836.27,20,Non,None
REC00715,27-08-2025,Web,3300,84,119,45501.49,1065.2,2,904.86,5462.3,31,Non,None
REC00781,2025-09-18,Web,2563,84,109,47158.79,3677.78,6,2864.99,5089.27,19,Non,None
REC00585,2025-07-14,Marketplace,1193,88,122,44351.15,9952.13,4,1608.21,2576.67,35,Oui,Summer Sale
REC00995,28-11-2025,App,2972,137,165,66137.15,15452.55,6,2790.27,6157.9,36,Oui,Black Friday
REC01485,2026-05-10,Marketplace,1072,60,84,33591.29,3068.51,3,1250.79,1880.98,16,Non,None
REC01202,05/02/2026,App,1404,68,91,32606.79,647.7,2,746.16,4297.95,24,Non,None
REC01457,2026-05-01,App,1706,58,73,29212.18,1080.26,3,1091.42,3373.28,20,Non,None
REC00044,2025/01/15,App,1549,49,65,23544.76,923.36,2,809.46,3135.0,21,Non,None
REC00522,23/06/2025,Marketplace,989,39,49,23700.59,0.0,3,1780.75,1957.95,14,Non,None
REC01481,2026-05-09,App,2023,90,116,40653.17,4338.91,8,3025.91,4565.28,32,Non,None
REC01187,31-01-2026,App,1718,92,139,43366.56,1609.44,3,1087.1,3696.98,30,Non,None
REC01051,17-12-2025,Web,4586,160,203,84477.29,12861.09,8,3060.59,7742.8,46,Oui,Year End
REC01591,15-06-2026,Web,3087,100,132,60936.24,4511.84,2,1070.05,4486.1,33,Non,None
REC00339,23-04-2025,Marketplace,873,38,46,22224.03,812.32,2,1080.53,1994.56,10,Non,None
REC01268,2026/02/27,App,1643,53,80,25943.16,2177.39,2,903.61,4377.67,22,Non,None
REC00813,2025-09-28,Marketplace,1026,48,64,29785.62,1510.81,3,1368.54,1786.15,17,Non,None
REC00233,2025-03-19,App,2308,102,136,46893.25,617.48,4,1441.8,4945.15,24,Oui,Ramadan
REC00293,2025-04-08,App,2252,83,123,38437.49,2186.58,2,727.52,4370.65,23,Non,None
REC01270,28/02/2026,Web,2559,97,130,52616.47,2782.07,3,1292.82,4962.72,36,Non,None
REC00298,10/04/2025,Web,2490,102,127,64294.33,4527.02,4,2197.3,5330.06,40,Non,None
REC00956,2025/11/15,App,3107,88,115,45681.75,7114.31,5,2500.82,5078.72,20,Non,None
REC01298,09/03/2026,App,2321,120,190,48304.35,10557.84,6,1993.88,4813.16,37,Oui,Ramadan
REC00287,06-04-2025,App,1829,79,100,35305.07,3609.53,3,1261.07,4300.01,33,Non,None
REC00723,29-08-2025,Marketplace,1118,67,84,39447.55,2040.26,6,3095.94,1997.5,26,Non,None
REC01823,31-08-2026,App,2084,77,103,38021.68,4677.37,3,1149.96,3653.34,26,Non,None
REC00735,02-09-2025,Marketplace,1392,75,99,34994.28,5745.36,5,2023.91,2245.66,25,Oui,Back to School
REC01352,2026/03/27,App,2239,95,124,47522.35,3618.02,3,1357.41,3213.53,22,Non,None
REC00826,03/10/2025,,2708,101,142,59661.69,5313.49,1,454.23,5183.01,37,Non,None
REC00618,25/07/2025,Marketplace,1245,67,92,40706.43,12002.01,5,2543.47,2169.51,29,Oui,Summer Sale
REC01437,2026-04-24,Marketplace,1076,60,82,32011.98,2033.96,5,2339.69,2018.73,15,Non,None
REC01441,2026-04-26,Web,2953,79,121,42057.33,2961.13,1,507.34,5400.0,31,Non,None
REC01780,2026/08/17,Web,3084,109,137,56102.04,9627.85,7,3277.77,7069.25,42,Oui,Summer Sale
REC01604,2026/06/19,App,1996,65,94,26005.86,1958.13,4,1167.47,4305.42,21,Non,None
REC01240,2026/02/18,Web,2013,88,119,53661.61,3214.83,6,2971.47,4380.99,33,Non,None
REC00009,2025-01-03,market place,944,46,59,27883.69,2674.18,5,2601.46,1422.1,12,Non,None
REC00361,2025-05-01,Web,2636,96,128,52087.07,5130.36,4,1790.91,6005.39,26,Non,None
REC00184,2025/03/03,Web,2589,84,106,47866.62,2750.86,5,2262.92,5206.67,34,Non ,None
REC01635,29-06-2026,Marketplace,1095,59,85,33381.7,3325.47,4,1840.05,2335.0,23,Non,None
REC01087,29-12-2025,Web,3368,101,131,50459.09,10267.86,5,2005.61,9360.75,39,Oui,Year End
REC01504,2026/05/17,Web,3016,73,106,40669.85,1089.5,5,2183.53,6362.24,28,Non,None
REC01363,31-03-2026,Web,2903,99,126,52476.46,1874.6,7,2803.07,6194.52,37,Non,None
REC00955,15-11-2025,Web,4307,127,153,81114.32,5036.16,7,3669.96,6181.72,47,Non,None
REC01487,11-05-2026,App,1720,78,103,33609.08,2951.48,3,1196.67,3676.83,34,Non,None
REC00920,2025/11/03,App,2738,138,184,64211.54,2944.44,3,1191.66,5238.13,53,Non,None
REC01188,2026/01/31,Marketplace,1025,52,68,32588.33,1407.22,5,2591.45,1358.01,14,Non,None
REC00773,2025-09-15,App,2669,139,184,68429.88,13599.79,9,3400.02,4685.64,52,Oui,Back to School
REC01703,22-07-2026,App,2268,94,125,43015.99,6309.68,6,2286.31,5620.88,41,Oui,Summer Sale
REC00075,25-01-2025,Marketplace,1057,58,80,42071.35,4215.85,4,2591.3,1398.58,14,Non,None
REC00481,2025-06-10,Web,2726,99,133,52104.16,5002.74,6,2604.13,5824.17,32,Non,None
REC00417,2025-05-19,Marketplace,991,47,60,26555.31,3156.58,4,2084.48,1845.98,10,Non,None
REC00128,2025/02/12,App,1740,71,89,33344.97,3989.99,3,1136.16,3234.35,18,Non,None
REC01765,2026-08-12,Web,3506,94,139,49224.08,6620.72,4,1612.22,8432.9,35,Oui,Summer Sale
REC00174,27/02/2025,Marketplace,876,41,57,21236.49,1416.52,2,816.33,1706.95,17,Non,None
REC00325,2025-04-19,Web,3197,131,167,82022.88,4295.76,6,2807.17,4887.22,47,Non,None
REC01155,20-01-2026,Marketplace,899,50,68,30613.64,2625.62,4,2111.45,1445.55,12,Non,None
REC01768,2026/08/13,Web,3277,129,169,63873.51,12608.96,8,3095.59,6124.83,30,Oui,Summer Sale
REC00006,02/01/2025,Marketplace,757,39,52,23304.25,2833.3,1,485.47,1992.73,9,Non,None
REC00434,25/05/2025,App,1736,70,93,33735.21,4264.33,3,1130.3,3760.54,27,Non,None
REC01568,2026/06/07,App,2312,92,125,46982.86,4641.58,6,2689.05,4094.9,32,Non,None
REC01369,2026-04-02,Web,2743,121,166,71051.9,1485.54,1,490.14,4925.77,35,Non,None
REC01362,30/03/2026,Marketplace,874,40,61,26791.32,3980.38,2,1108.64,2048.07,14,Non,None
REC01427,21-04-2026,App,1791,86,125,41656.05,3711.15,4,1527.6,3879.29,22,Non,None
REC01403,13-04-2026,App,1859,51,70,21710.05,2077.45,3,1086.88,3569.18,14,oui,None
REC01326,18/03/2026,Marketplace,1233,79,116,46575.37,5447.29,4,2212.56,2506.42,30,Oui,Ramadan
REC01336,2026/03/22,Web,2706,105,126,54582.62,1745.35,4,1835.33,6372.73,40,Non,None
REC00031,11-01-2025,Web,2208,69,93,39965.5,3991.58,1,537.11,5108.32,25,Non,None
REC01579,11-06-2026,Web,2617,106,136,61728.74,4757.64,8,4054.59,5283.46,28,Non,None
REC01613,2026-06-22,App,1914,86,105,45164.92,5221.32,1,404.42,3410.44,31,Non,None
REC01003,01-12-2025,Web,3147,72,104,38106.36,4196.38,5,2252.1,7073.65,20,Non,None
REC00796,2025/09/23,Web,2520,79,101,44711.54,3061.56,6,2636.99,4503.53,26,Non,None
REC01569,2026-06-07,Marketplace,1143,48,65,31603.98,3274.04,4,2051.64,2061.33,19,Non,None
REC00690,18/08/2025,Marketplace,1240,72,89,41283.83,11259.1,6,3334.63,2486.3,26,Oui,Summer Sale
REC00882,21/10/2025,Marketplace,1087,63,87,41893.9,1668.02,5,3225.28,1857.1,17,Non,None
REC01771,14-08-2026,Web,3633,136,189,73908.89,16087.78,8,3699.51,6821.57,45,Oui,Summer Sale
REC00231,18-03-2025,Marketplace,1205,47,60,30357.14,5910.68,4,2330.22,2292.3,16,Oui,Ramadan
REC01338,22/03/2026,Marketplace,1136,56,72,35091.19,3831.73,5,3047.74,1842.21,15,Non,None
REC01648,2026/07/04,Web,3372,105,137,57419.24,761.51,7,3698.46,5566.93,32,Non,None
REC01246,20/02/2026,Web,2348,73,92,38787.64,752.19,4,1711.96,4369.81,27,Non,None
REC01736,2026/08/02,App,2162,93,128,43646.07,5281.76,5,2075.45,4353.37,23,Non,None
REC00317,2025-04-16,APP ,1593,52,72,26508.57,2801.44,2,870.2,3950.22,21,Non,None
REC00549,2025-07-02,Marketplace,1102,41,52,24251.99,1527.66,2,1101.45,1957.04,9,Non,None
REC00693,2025-08-19,Marketplace,1227,99,139,53601.78,2907.03,8,3975.15,2365.35,42,Oui,Summer Sale
REC01757,2026-08-09,App,2361,97,137,44716.1,4648.51,2,853.53,4036.33,23,Non,None
REC00102,03/02/2025,Marketplace,778,40,49,26614.0,2440.75,3,1573.31,1911.82,10,Non,None
REC00556,2025/07/05,Web,3568,110,145,63083.25,8829.43,2,836.83,5502.3,43,Non,None
REC01689,2026-07-17,Marketplace,1247,86,117,56638.37,3889.19,7,3800.04,2351.47,21,Oui,Summer Sale
REC00035,12-01-2025,App,2107,88,123,41985.7,2644.22,6,2545.2,,38,Non,None
REC00528,2025/06/25,Marketplace,1117,57,74,36895.22,15.97,2,1235.95,2121.47,16,Non,None
REC01276,2026/03/02,Web,2958,63,84,37383.93,5179.66,3,1378.52,5175.78,20,Non,None
REC00545,2025-07-01,App,2323,69,88,31400.96,2697.82,2,857.17,4421.22,30,Non,None
REC00403,15-05-2025,Web,2604,90,132,47268.34,7366.38,6,2298.25,4439.67,32,Non,None
REC01406,14/04/2026,App,1715,79,101,36114.1,303.13,4,1437.15,3407.86,30,Non,None
REC01530,25/05/2026,Marketplace,829,38,49,23016.97,1902.25,1,439.28,1929.46,14,Non,None
REC00372,2025/05/04,Marketplace,1143,52,69,29335.89,4009.56,4,2068.61,1854.44,22,Non,None
REC01044,2025/12/14,Marketplace,1385,65,84,37589.23,999.15,5,,2655.27,28,Non,None
REC01544,2026/05/30,App,2160,83,104,35335.17,2435.1,4,1645.04,4453.89,22,Non,None
REC00835,06-10-2025,Web,2542,99,129,55980.89,0.0,8,3614.98,5839.93,37,Non,None
REC01065,2025-12-21,Marketplace,1838,131,186,65498.29,18500.25,6,2179.34,3039.16,32,Oui,Year End
REC00238,21/03/2025,Web,3149,98,144,52836.12,7137.46,2,848.75,5072.74,35,Non,None
REC00394,12/05/2025,Web,2919,84,100,46018.91,3439.62,6,2637.99,4394.19,24,Non,None
REC01595,16-06-2026,App,1899,70,100,33666.11,2429.18,4,1493.72,3828.48,20,Non,None
REC01253,2026-02-22,App,2018,111,146,48716.16,2105.76,7,2269.49,3808.05,27,Non,None
REC01520,2026/05/22,App,2166,80,100,34585.03,932.37,4,1328.57,3717.89,32,Non,None
REC00355,29-04-2025,Web,2812,77,97,47128.63,857.27,6,3022.84,5186.61,30,Non,None
REC00607,22-07-2025,Web,3556,156,195,91374.32,14197.03,5,2425.91,6924.14,55,Oui,Summer Sale
REC01249,2026-02-21,Web,2317,83,109,46426.63,5187.25,6,2691.04,4479.54,20,Non,None
REC00563,07-07-2025,App,1736,57,78,30505.95,2847.06,3,1310.03,4801.56,15,Non,None
REC01037,2025-12-12,App,2332,90,113,37485.91,2145.5,4,1481.49,5194.34,38,Non,None
REC00678,14/08/2025,Marketplace,1334,77,108,42808.01,10724.75,7,3049.73,2669.16,32,Oui,Summer Sale
REC01742,04/08/2026,App,2106,75,103,35499.18,3532.07,4,1387.52,4809.36,22,Non,None
REC00360,2025/04/30,Marketplace,963,42,54,24427.3,0.0,4,1677.5,1641.49,13,Non,None
REC01235,16-02-2026,App,1697,68,89,26923.63,1564.82,4,1299.67,3424.42,28,Non,None
REC00330,20/04/2025,Marketplace,1163,70,93,43349.38,3237.42,5,2424.36,1722.99,30,Non,None
REC01416,2026/04/17,Marketplace,980,55,79,32956.18,3102.6,3,1476.55,2121.44,17,Non,None
REC01463,03-05-2026,App,,95,120,48433.37,1222.33,6,2657.95,3943.18,37,Non,None
REC01215,09-02-2026,Marketplace,677,36,48,22746.58,1053.02,2,1153.81,,13,Non,None
REC00580,2025/07/13,Web,4458,164,222,91364.89,22080.98,9,3843.91,6272.19,67,Oui,Summer Sale
REC00621,2025-07-26,Marketplace,1213,54,71,29414.52,1889.3,3,1421.09,1948.47,17,Non,None
REC01281,2026-03-03,Marketplace,967,51,68,30933.81,4194.67,2,989.62,2007.29,21,Non,None
REC00799,24-09-2025,Web,2809,115,156,63914.38,1947.33,9,4579.77,6301.73,50,Non,None
REC01073,2025-12-24,App,3208,156,205,67144.67,9769.0,10,4188.99,7027.13,68,Oui,Year End
REC00026,09/01/2025,App,1622,64,90,32959.04,2051.05,4,1743.11,3124.46,21,Non,None
REC01310,13/03/2026,App,2336,116,152,53050.93,5226.24,1,419.74,3766.69,34,Oui,Ramadan
REC01069,2025-12-23,Web,3786,104,123,52908.13,16220.21,4,1744.49,8672.75,24,Oui,Year End
REC00931,07-11-2025,Web,2866,86,108,46336.13,6629.54,3,1310.12,6258.25,34,Non,None
REC00057,2025-01-19,Marketplace,864,41,59,18643.28,2543.76,4,1676.55,1837.86,15,Non,None
REC01623,25-06-2026,Marketplace,1073,53,66,35187.37,341.65,2,1040.98,1941.55,17,Non,None
REC00155,21-02-2025,App,1818,78,102,34337.51,1857.71,1,317.24,3682.26,28,Non,None
REC00876,2025/10/19,Marketplace,1347,79,102,48727.05,2658.67,5,2544.72,2087.82,30,Non,None
REC00935,08-11-2025,App,2719,110,149,51089.06,5288.58,4,1408.7,5059.65,33,Non,None
REC00320,2025/04/17,App,2082,100,126,49319.49,3484.03,9,3782.2,3675.3,39,Non,None
REC01628,2026/06/27,App,2261,107,131,51693.77,1776.28,4,1661.61,4831.92,26,Non,None
REC00234,19/03/2025,Marketplace,1137,57,78,34330.92,4501.93,4,2020.06,1908.61,15,Oui,Ramadan
REC01297,2026-03-09,Web,2992,126,183,64741.69,17018.58,2,815.74,5999.95,40,Oui,Ramadan
REC01178,28/01/2026,App,1463,46,60,20837.54,953.27,2,808.32,3951.5,18,Non,None
REC01461,2026-05-02,Marketplace,1039,41,53,24009.27,1962.3,3,1435.27,2344.47,9,Non,None
REC01449,2026-04-28,Marketplace,1016,60,87,36318.45,1833.13,6,3529.11,2047.72,25,Non,None
REC00762,11/09/2025,Marketplace,1248,56,84,34108.56,6366.31,4,2043.54,2328.47,16,Oui,Back to School
REC01791,20-08-2026,Marketplace,1260,77,96,45135.92,2846.02,5,2692.91,2505.1,21,Oui,Summer Sale
REC00336,2025/04/22,Marketplace,1054,50,63,35152.22,3058.05,3,2061.07,1743.35,22,Non,None
REC00308,2025/04/13,App,1882,69,102,37687.53,1105.45,3,1194.45,4802.72,21,Non,None
REC01634,29/06/2026,App,2252,103,155,45332.19,1985.72,6,2152.82,4294.37,38,Non,None
REC00274,02/04/2025,Web,2644,99,130,53141.74,5119.32,5,2198.49,5607.27,39,Non,None
REC01049,2025-12-16,App,3673,199,297,88356.32,22215.63,3,1075.57,5812.21,80,Oui,Year End
REC01705,2026-07-23,Web,3503,154,201,82004.07,5253.66,6,2833.72,6628.2,36,Oui,Summer Sale
REC01059,19-12-2025,Marketplace,1495,85,117,50524.59,4850.75,7,3995.17,2969.79,25,Oui,Year End
REC00223,16-03-2025,Web,3692,167,217,99918.32,20422.38,4,1742.14,6814.19,57,Oui,Ramadan
REC00222,15/03/2025,Marketplace,1482,82,111,48579.09,10646.05,7,3126.14,2142.04,25,Oui,Ramadan
REC00593,2025-07-17,App,2669,149,191,60095.23,7675.84,1,312.51,4946.4,52,Oui,Summer Sale
REC01002,30/11/2025,Marketplace,1543,106,147,59789.0,12083.55,2,927.36,3147.28,37,Oui,Black Friday
REC01053,2025-12-17,Marketplace,1582,80,103,48610.52,9246.9,5,2320.57,3226.49,32,Oui,Year End
REC01627,27-06-2026,Web,3357,95,125,54316.83,9584.27,4,2088.23,5799.93,37,Non,None
REC00947,12-11-2025,App,2270,88,120,40135.51,4852.12,6,2457.23,5283.25,29,NON,None
REC00808,2025/09/27,Web,3235,127,172,72476.43,5088.44,7,3897.59,5164.01,49,Non,None
REC01110,05/01/2026,Marketplace,915,53,66,32589.73,6087.32,3,1646.78,1875.21,19,Non,None
REC00219,14-03-2025,Marketplace,1200,72,106,40758.46,10641.72,6,3127.06,1962.22,31,Oui,Ramadan
REC00244,2025/03/23,Web,2945,84,120,55492.63,3414.56,2,965.66,4882.62,26,Non,None
REC01698,20/07/2026,Marketplace,1461,89,122,55533.96,13134.58,5,2381.16,2852.94,23,Oui,Summer Sale
REC00851,11-10-2025,App,2670,94,139,45239.63,0.0,1,403.38,4019.74,36,Non,None
REC01726,30/07/2026,Web,2949,93,127,50572.74,6331.14,7,3539.87,5279.7,40,Non,None
REC00259,28-03-2025,Web,2864,120,147,77156.63,1351.93,6,3751.54,5736.76,37,Non,None
REC01063,21-12-2025,Web,4546,159,202,81175.45,16189.63,12,4813.21,7279.66,69,Oui,Year End
REC01024,2025/12/08,Web,3417,82,113,45108.39,6747.9,4,1613.85,7765.68,21,Non,None
REC00350,27/04/2025,App,1823,65,86,31769.42,3746.06,3,1358.48,4099.98,21,Non,None
REC01108,2026/01/05,Web,2375,70,96,38473.7,5517.62,4,1743.74,5048.83,18,Non,None
REC00736,2025/09/03,Web,2827,113,144,59390.89,15444.26,3,1259.23,7365.29,,Oui,Back to School
REC01220,2026/02/11,App,1889,78,102,39134.93,1834.29,4,1779.78,3260.53,20,Non,None
REC01615,23-06-2026,Web,2869,85,121,50948.48,4321.68,5,2579.66,5183.94,20,Non,None
REC01640,2026/07/01,App,2222,106,140,55278.05,3055.55,7,2918.4,4806.11,38,Non,None
REC01193,2026-02-02,App,1595,68,88,29495.0,2266.62,4,1402.48,4256.21,22,Non,None
REC00630,29/07/2025,Marketplace,1061,63,90,33961.69,4122.26,4,2089.82,2118.75,16,Non,None
REC01759,10-08-2026,Web,2924,106,137,50561.05,1164.96,6,2387.99,6821.27,26,Oui,Summer Sale
REC00088,2025/01/30,Web,2663,82,116,47711.79,0.0,4,1907.02,4884.46,29,Non,None
REC00713,2025-08-26,App,2154,93,126,43210.32,3781.08,7,2807.91,4072.69,25,Non,None
REC00386,09/05/2025,App,1776,55,63,23032.89,2041.78,4,1542.91,4479.24,23,Non,None
REC00743,05-09-2025,App,2683,140,193,70032.55,9780.79,6,2798.36,5417.09,37,Oui,Back to School
REC00098,02/02/2025,App,1734,69,98,33225.81,2598.92,4,1781.55,3391.97,30,Non,None
REC00507,18-06-2025,Marketplace,959,44,59,30034.7,2774.51,3,1535.38,2170.43,16,Non,None
REC00541,2025-06-30,Web,2420,71,100,43190.35,7122.83,4,2041.74,5712.58,21,Non,None
REC01198,04/02/2026,Web,2310,67,95,36169.37,254.45,4,1730.89,5869.28,26,Non,None
REC01588,2026/06/14,Web,3467,111,156,54942.99,1511.08,5,2281.65,5820.12,31,Non,None
REC01629,2026-06-27,Marketplace,1208,55,71,31337.08,644.65,3,1530.45,1900.48,20,Non,None
REC00819,30-09-2025,Marketplace,1189,47,68,27351.98,975.57,1,507.99,2285.33,17,Non,None
REC01608,2026/06/20,Marketplace,1127,49,69,28091.97,2424.08,3,1524.11,1836.48,13,Non,None
REC01378,05/04/2026,Web,3260,119,167,62792.28,7657.15,4,1815.85,4125.04,30,Non,None
REC00166,25/02/2025,Web,2274,89,130,50616.96,6450.28,6,2639.38,3899.9,27,Non,None
REC01760,2026/08/10,App,2088,101,133,44427.46,8232.43,4,1381.54,5391.99,,Oui,Summer Sale
REC01300,2026/03/10,Web,3051,119,159,71071.62,3592.46,3,1364.69,6791.77,29,Oui,Ramadan
REC01179,28-01-2026,Marketplace,770,40,56,26664.58,2206.1,4,2206.56,1796.88,12,Non,None
REC00594,17/07/2025,Marketplace,1258,72,85,41376.88,10091.41,4,1816.49,2154.23,31,Oui,Summer Sale
REC00081,2025-01-27,Marketplace,862,66,94,41243.39,1987.12,4,2365.73,1493.11,16,Non,None
REC01655,06-07-2026,App,2206,83,111,46547.61,5280.04,2,1079.16,5279.2,24,Non,None
REC01690,18/07/2026,Web,4280,179,234,100104.87,13951.27,7,2897.48,6796.69,55,Oui,Summer Sale
REC00401,2025-05-14,App,1572,49,66,21313.87,329.53,2,710.12,3934.01,14,Non,None
REC01116,2026/01/07,Marketplace,734,42,57,24507.88,1872.06,4,2088.83,1856.15,13,Non,None
REC00885,2025-10-22,Marketplace,963,56,76,30873.94,1597.61,3,1516.95,2350.74,24,Non,None
REC01622,25/06/2026,App,1676,61,80,28016.6,2733.98,2,735.35,4561.0,17,Non,None
REC00172,2025/02/27,Web,2139,68,93,38221.9,3521.1,4,1929.25,4537.5,29,Non,None
REC00884,2025/10/22,App,2109,69,81,28795.12,3503.74,6,2446.54,4299.59,24,Non,None
REC01330,20/03/2026,Web,3520,120,147,61179.77,14520.84,8,3512.95,7360.57,38,Oui,Ramadan
REC00574,11/07/2025,,3429,129,172,75285.28,7201.73,4,2185.72,5830.37,55,Oui,Summer Sale
REC01284,2026/03/04,Marketplace,968,46,56,31642.11,3830.05,5,3126.43,1500.73,14,Non,None
REC00112,2025/02/07,Web,2150,58,86,30117.47,1539.97,4,1833.8,5609.36,18,Non,None
REC01093,2025-12-31,Web,4109,150,195,80123.59,13430.69,3,1224.82,7118.26,50,Oui,Year End
REC01232,2026/02/15,App,1955,92,141,43450.89,4527.93,4,1498.86,3793.74,38,Non,None
REC00073,2025-01-25,Web,2705,74,102,36194.53,4163.28,4,1477.56,4161.52,17,Non,None
REC01739,03-08-2026,App,1808,69,96,29022.67,2618.35,2,806.74,5066.45,19,Non,None
REC00991,27-11-2025,Web,4096,196,292,102792.07,18629.31,8,3946.8,8460.76,65,Oui,Black Friday
REC01647,03-07-2026,Marketplace,1056,62,87,39477.35,706.02,4,2009.67,1917.56,16,Non,None
REC01225,2026-02-13,Web,2509,91,115,42835.96,3636.37,3,1017.02,,39,Non,None
REC01702,22/07/2026,Web,4176,143,181,75085.75,22164.99,8,3192.5,6690.66,51,Oui,Summer Sale
REC00656,2025/08/07,App,2644,100,126,44328.13,5756.56,4,1367.25,4102.19,36,Non,None
REC01632,2026/06/28,Marketplace,1207,64,82,41180.96,3853.06,5,2419.06,1818.36,16,Non,None
REC01783,18-08-2026,Web,3023,101,135,56175.68,7110.67,3,1323.98,7024.33,40,Oui,Summer Sale
REC00674,13/08/2025,App,2542,127,176,59229.96,10237.1,3,1141.35,6274.49,45,Oui,Summer Sale
REC01810,27/08/2026,Web,2411,94,124,51379.47,340.1,5,2334.23,4663.05,30,Non,None
REC01638,30/06/2026,Marketplace,862,61,76,37395.5,3945.77,4,1878.55,2078.11,24,Non,None
REC01317,2026-03-15,Marketplace,1322,96,120,54688.9,2376.3,5,2577.06,2515.98,37,Oui,Ramadan
REC00576,2025/07/11,Marketplace,1284,84,126,53128.37,14611.59,6,3554.11,2743.88,31,Oui,Summer Sale
REC01336,2026/03/22,Web,2706,105,126,54582.62,1745.35,4,1835.33,6372.73,40,Non,None
REC00570,09/07/2025,Marketplace,1024,54,71,32383.14,2134.15,1,434.48,2418.44,16,Non,None
REC01278,02/03/2026,Marketplace,996,54,69,31654.49,3406.69,4,2012.31,1877.54,15,Non,None
REC00631,30-07-2025,Web,2926,108,145,60121.13,3370.1,6,2549.14,6200.04,41,Non,None
REC00384,2025/05/08,Marketplace,1004,47,63,30536.57,2552.1,2,940.59,2402.46,16,Non,None
REC01464,2026/05/03,Marketplace,1144,70,94,49595.37,6776.48,3,2048.95,1811.82,24,Non,None
REC01384,2026/04/07,Web,2418,83,110,44197.99,6045.8,5,2138.61,5599.75,19,Non,None
REC01181,2026-01-29,App,1701,58,80,27213.89,3432.97,3,1067.28,3399.92,23,Non,None
REC00452,2025/05/31,App,2395,97,130,48441.68,974.04,3,1297.16,3987.52,28,Non,None
REC00683,16-08-2025,App,2448,125,176,53128.45,12692.45,4,1309.89,5836.28,44,Oui,Summer Sale
REC01031,10-12-2025,App,2596,85,114,39014.89,565.85,4,1382.53,5450.32,27,Non,None
REC01812,2026/08/27,Marketplace,1117,62,85,37051.79,2196.88,4,2283.22,2183.27,23,Non,None
REC00827,03-10-2025,App,2160,87,114,45095.49,1600.5,4,1988.29,3666.13,34,Non,None
REC00282,04/04/2025,Marketplace,1109,62,78,35800.06,1134.97,6,3393.78,1471.42,26,Non,None
REC00815,29-09-2025,App,1537,84,118,32972.79,979.03,5,1850.7,3969.13,24,Non,None
REC00742,05/09/2025,Web,3790,151,209,75525.68,15355.19,10,4463.36,6692.0,34,Oui,Back to School
REC00010,04/01/2025,Web,2769,78,108,42153.88,3001.54,3,1233.17,4775.11,21,Non,None
REC01500,2026/05/15,Marketplace,1094,53,70,32419.25,3998.6,4,1902.78,1787.84,17,Non,None
REC01308,2026/03/12,Marketplace,1396,69,94,41121.94,5046.96,6,3060.29,2279.32,28,Oui,Ramadan
REC01100,2026/01/02,App,1739,92,129,42918.78,265.5,4,1635.06,4897.38,32,Non,None
REC01513,2026-05-20,Web,2933,104,135,53750.48,2530.08,5,2177.11,5560.17,38,Non,None
REC01667,10-07-2026,App,2424,103,140,52021.25,7124.29,5,2273.58,6124.2,38,Oui,Summer Sale
REC00196,2025/03/07,Web,3370,104,139,57696.78,11518.96,5,2336.44,6506.53,26,Oui,Ramadan
REC00475,08-06-2025,Web,2971,76,106,41101.19,2728.63,6,2946.08,5632.81,29,Non,None
REC01643,02-07-2026,,2782,123,168,56270.46,4501.95,8,3324.79,4364.07,39,Non,None
REC01186,31/01/2026,Web,2676,85,107,47826.43,225.9,2,994.85,6241.32,32,Non,None
REC01740,2026/08/03,Marketplace,820,46,64,26258.91,1508.7,4,2192.95,2231.7,15,Non,None
REC00352,2025/04/28,Web,2167,65,83,35977.34,1012.43,3,1480.29,5184.04,17,Non,None
REC01190,01/02/2026,App,2077,70,92,30801.3,3552.48,4,1493.19,3355.21,28,Non,None
REC00854,12/10/2025,App,2352,98,141,45236.11,2639.86,0,0.0,4428.23,32,Non,None
REC01280,2026/03/03,App,2004,90,114,39986.72,3789.34,7,2782.19,4099.69,36,Non,None
REC01367,01-04-2026,App,1901,79,105,34678.52,1596.26,5,1901.4,3597.81,29,Non,None
REC00760,2025/09/11,Web,4019,135,181,75793.61,7493.8,5,2227.77,7078.42,42,Oui,Back to School
REC00216,2025/03/13,Marketplace,1295,67,93,39348.66,9088.11,4,1942.6,2478.45,22,Oui,Ramadan
REC00625,2025-07-28,Web,2877,67,103,35629.44,1298.49,2,978.14,5632.69,19,Non,None
REC00378,06/05/2025,Marketplace,911,41,56,25699.14,2416.12,4,2125.84,2017.93,9,Non,None
REC00772,2025/09/15,Web,2790,95,124,50110.7,5051.72,5,2331.43,6726.65,31,Oui,Back to School
REC00397,2025-05-13,Web,2746,114,153,64484.48,4105.26,1,410.18,5278.27,48,Non,None
REC01809,2026-08-26,Marketplace,1163,60,84,34064.78,250.36,6,2601.38,2158.72,18,Non,None
REC01128,2026/01/11,Marketplace,783,39,56,25001.01,1042.87,3,1584.95,1571.14,16,Non,None
REC01668,2026/07/10,Marketplace,1272,71,99,36689.61,5017.04,4,1942.48,2438.68,21,Oui,Summer Sale
REC00455,01-06-2025,App,2781,99,136,42102.13,2197.82,4,1517.87,3654.99,40,Non,None
REC01489,2026-05-12,Web,2973,107,142,65804.0,4526.74,7,4115.48,5036.41,34,Non,None
REC01062,20/12/2025,Marketplace,2001,168,223,100276.05,16284.82,10,4300.45,3426.49,68,Oui,Year End
REC00065,2025-01-22,App,1895,66,88,29376.57,2115.6,1,325.96,3741.63,21,Non,None
REC00961,2025-11-17,Web,3764,121,171,69914.66,6324.91,3,1513.22,5808.11,42,Non,None
REC01061,2025-12-20,App,2910,116,154,48111.17,6949.09,4,1226.57,6074.32,28,Oui,Year End
REC00243,22-03-2025,Marketplace,1115,47,69,31963.36,4392.42,2,1042.27,1960.84,20,Non,None
REC01785,2026-08-18,Marketplace,1357,77,101,43830.97,3653.51,3,1570.39,2051.92,18,Oui,Summer Sale
REC01688,2026/07/17,App,2732,126,185,59218.36,16937.55,4,1584.75,5286.09,48,Oui,Summer Sale
REC00375,05-05-2025,Marketplace,1047,48,63,29985.99,1282.45,2,997.14,1844.25,15,Non,None
REC01573,2026-06-09,Web,2768,119,156,63636.02,9133.33,8,3109.63,5872.72,38,Non,None
REC00341,2025-04-24,App,1601,50,66,25232.16,3417.11,3,1360.03,3910.94,12,Non,None
REC00617,2025-07-25,App,2347,143,200,64441.37,11467.39,7,2542.71,5936.63,41,Oui,Summer Sale
REC00436,2025/05/26,Web,2461,78,104,44155.19,2800.73,3,1596.41,4601.6,32,Non,None
REC01819,30-08-2026,Web,3106,95,123,45291.35,2669.7,4,1853.04,5544.71,25,Non,None
REC01023,07-12-2025,Marketplace,1392,96,131,60130.6,2664.25,7,4092.7,2337.93,29,Non,None
REC00433,2025-05-25,Web,3282,123,165,69523.52,5873.47,3,1608.77,5709.79,35,Non,None
REC00200,2025/03/08,App,2904,129,194,60648.55,13202.24,9,3810.29,4136.16,36,Oui,Ramadan
REC01605,2026-06-19,,893,47,70,31015.65,564.39,4,2255.76,2004.02,12,Non,None
REC00199,08-03-2025,Web,3155,132,185,65388.5,14118.84,10,3691.66,5865.24,43,Oui,Ramadan
REC00064,2025/01/22,Web,2278,54,76,30498.78,2747.28,3,1222.49,5129.86,22,Non,None
REC01448,2026/04/28,App,1974,75,108,32061.14,1101.46,3,1118.83,3712.38,33,Non,None
REC01731,31-07-2026,Marketplace,1091,78,106,49128.97,5055.99,5,2700.5,1888.26,20,Non,None
REC00278,03/04/2025,App,1655,58,73,27842.28,1483.95,2,854.83,4503.51,17,Non,None
REC00431,24-05-2025,App,2301,85,115,39968.7,3610.71,5,2257.44,3834.45,26,Non,None
REC01769,2026-08-13,App,2627,139,182,67015.78,20641.36,7,2583.55,4946.76,54,Oui,Summer Sale
REC00209,2025-03-11,App,2274,102,147,45858.81,4708.29,4,1717.52,4631.79,44,Oui,Ramadan
REC00340,2025/04/24,Web,2152,76,94,43326.48,5816.08,4,1762.05,4107.18,26,Non,None
REC00663,09-08-2025,Marketplace,833,39,53,24847.34,1905.94,2,925.95,2002.03,16,Non,None
REC01057,2025-12-19,Web,5357,151,172,72126.99,13647.99,6,2546.45,8045.4,,Oui,Year End
REC00725,2025-08-30,App,2548,110,147,45765.09,2626.91,3,1179.29,3530.71,28,Non,None
REC01366,01/04/2026,Web,2374,72,98,37811.96,3679.4,4,1827.89,5612.9,18,Non,None
REC00405,2025-05-15,Marketplace,959,68,91,41481.11,5025.95,3,1543.08,1682.82,25,Non,None
REC00182,02/03/2025,App,2205,97,118,49102.12,2220.45,4,1749.8,4480.77,34,Non,None
REC01507,18-05-2026,Web,2766,80,106,45053.11,1312.59,3,1516.76,6160.86,32,Non,None
REC00137,2025-02-15,App,1729,72,89,34342.52,1274.6,4,1678.83,3376.11,19,Non,None
REC01055,18-12-2025,App,3757,152,212,68970.92,13080.92,2,815.71,6188.31,47,Oui,Year End
REC00532,2025/06/27,Web,2586,63,88,35559.03,2217.43,2,1043.38,5572.82,26,Non,None
REC01633,2026-06-29,Web,3284,130,176,78871.2,3556.76,7,3986.23,6338.34,39,Non,None
REC01096,2026/01/01,Web,2358,50,66,26467.02,0.0,2,844.44,4803.69,20,Non,None
REC00504,2025/06/17,Marketplace,1092,52,65,32112.39,4259.26,4,2078.45,2070.48,18,Non,None
REC00857,2025-10-13,App,1845,92,127,37694.98,836.46,3,929.08,4406.32,23,Non,None
REC00495,14-06-2025,Marketplace,1265,78,101,49039.07,1425.84,6,3073.18,2026.94,24,Non,None
REC01738,03/08/2026,Web,2364,70,87,37261.85,0.0,3,1445.54,6136.46,29,Non,None
REC01175,27-01-2026,App,1969,100,139,46898.68,2228.31,5,2035.33,2181.87,39,Non,None
REC00831,04-10-2025,Marketplace,1302,85,122,49716.2,5354.92,6,2887.46,,22,Non,None
REC00190,05/03/2025,Web,3602,107,155,50192.38,8054.81,2,685.27,5462.39,42,Oui,Ramadan
REC00486,11/06/2025,Marketplace,978,46,66,30172.17,0.0,3,1761.0,1565.65,16,Non,None
REC01081,2025-12-27,Web,4360,154,218,80164.23,14277.68,5,2426.8,9495.83,44,Oui,Year End
REC01611,21-06-2026,Marketplace,1199,52,66,30162.47,2897.36,5,2648.78,2074.58,20,Non,None
REC00080,2025/01/27,App,1868,90,120,43931.2,3714.26,1,380.22,3936.33,30,Non,None
REC01467,04-05-2026,Marketplace,926,45,61,28797.98,1440.32,2,1163.16,1816.11,14,Non,None
REC01450,29/04/2026,Web,2354,79,107,44108.86,1906.12,3,1242.62,5025.0,24,Non,None
REC00003,01-01-2025,Marketplace,964,47,74,28145.95,2593.88,3,1433.94,1413.88,16,Non,None
REC01163,23-01-2026,App,1690,80,117,39822.96,0.0,0,0.0,4420.52,21,Non,None
REC00870,17/10/2025,Marketplace ,964,59,83,31544.61,2898.08,3,1246.55,2093.08,17,Non,None
REC00205,2025-03-10,Web,3143,135,169,78409.53,13713.03,5,2211.32,6896.11,51,Oui,Ramadan
REC00211,12-03-2025,Web,3185,132,177,74826.99,11683.66,6,3145.4,6450.91,56,Oui,Ramadan
REC01619,24-06-2026,App,1993,83,110,38523.68,3805.93,3,1290.79,4362.76,32,Non,None
REC00578,12/07/2025,App,3066,158,200,59788.33,14607.58,7,2002.13,5326.32,49,Oui,Summer Sale
REC00437,2025-05-26,App,1789,72,99,35489.95,1433.75,2,854.78,3901.46,25,Non,None
REC01099,02-01-2026,Web,2496,87,102,52875.44,0.0,6,2824.24,4896.71,20,Non,None
REC01424,2026/04/20,App,1710,68,84,33340.64,2296.44,2,898.41,3778.67,18,non,None
REC01130,12/01/2026,App,1640,65,76,29142.28,2380.21,3,1131.31,3311.73,16,Non,None
REC00106,05/02/2025,Web,2292,79,101,46056.53,5113.48,4,2277.11,5263.45,31,Non,None
REC01642,02/07/2026,Web,2962,93,132,57507.53,2085.96,4,2256.28,6060.8,21,Non,None
REC01210,08/02/2026,Web,2204,40,63,20731.35,0.0,2,950.93,5314.53,14,Non,None
REC01718,27/07/2026,App,1835,71,104,35888.11,1981.72,5,1906.16,5132.29,24,Non,None
REC01741,2026-08-04,Web,2775,99,133,62240.46,3491.18,0,0.0,5708.88,39,Non,None
REC01542,29/05/2026,Marketplace,983,47,67,29245.23,2576.21,3,1708.12,1498.08,21,Non,None
REC01509,2026-05-18,Marketplace,958,62,84,38927.94,3307.89,5,2481.18,1573.28,17,Non,None
REC01147,18-01-2026,Web,2684,104,135,59756.47,1405.96,4,2140.93,5089.61,30,Non,None
REC01414,17/04/2026,Web,2710,75,99,44418.45,3980.18,1,482.2,5756.98,23,Non,None
REC00652,2025/08/06,Web,2991,116,156,63169.91,5691.14,5,2100.41,5018.77,26,Non,None
REC01035,11-12-2025,Marketplace,1066,54,79,37520.54,0.0,2,1038.25,2307.0,17,Non,None
REC01075,25-12-2025,Web,4308,162,197,77781.08,14941.19,3,1233.75,8184.31,69,Oui,Year End
REC00047,16-01-2025,App,1574,78,119,32629.64,3226.97,1,317.45,3758.25,24,Non,None
REC01456,2026/05/01,Web,2666,63,83,37338.79,2600.99,3,1556.66,5182.16,16,Non,None
REC00672,2025/08/12,Marketplace,1277,82,95,47862.14,13499.18,5,2107.77,2649.32,24,Oui,Summer Sale
REC01443,26-04-2026,Marketplace,997,66,94,40746.06,3100.17,3,1707.36,1762.07,19,Non,None
REC00056,2025/01/19,App,2331,111,152,55022.73,317.48,6,2160.34,3878.06,38,Non,None
REC00129,2025-02-12,Marketplace,880,52,63,30121.94,3791.39,5,2742.14,1773.76,13,Non,None
REC01725,2026-07-29,Marketplace,1090,58,76,36438.62,1886.85,4,2054.46,2226.62,23,Non,None
REC00179,01-03-2025,App,2106,85,116,44261.23,3739.75,2,950.52,3753.96,28,Non,None
REC00406,16/05/2025,Web,2714,91,122,52079.81,2971.83,4,2056.25,6089.54,30,Non,None
REC01383,06-04-2026,Marketplace,874,51,65,34088.54,1028.37,4,2526.53,1956.63,16,Non,None
REC00422,21/05/2025,App,2062,69,94,30046.54,5286.75,2,657.31,4538.53,17,Non,None
REC00627,28-07-2025,Marketplace,1162,62,88,37859.91,1741.77,5,2892.61,1836.67,15,Non,None
REC00473,2025-06-07,App,2556,98,140,42882.67,742.92,3,1265.3,4381.59,22,Non,None
REC00309,2025-04-13,Marketplace,1104,64,87,39119.93,3715.35,4,1984.99,1702.33,24,Non,None
REC01224,2026/02/12,Marketplace,784,39,54,24558.95,1901.23,2,1188.18,1562.84,10,NON,None
REC00119,09-02-2025,App,1829,75,94,32350.38,1925.32,5,1955.07,4873.49,23,Non,None
REC00291,07-04-2025,Marketplace,1049,53,74,35999.19,121.66,2,1185.21,1807.14,12,Non,None
REC00146,18/02/2025,App,1666,68,93,31642.44,1865.29,2,745.58,3408.3,18,Non,None
REC00801,2025-09-24,Marketplace,972,49,64,29834.06,1508.01,3,1524.11,1817.55,18,non,None
REC01721,2026-07-28,App,1779,83,111,42320.84,1421.76,6,2273.93,4348.38,25,Non,None
REC01358,29/03/2026,App,2015,85,128,39714.58,1604.57,5,1987.14,3829.03,22,Non,None
REC00496,2025/06/15,Web,2943,114,151,60563.35,6212.89,5,2267.91,5605.1,43,Non,None
REC01185,2026-01-30,Marketplace,882,52,72,31839.56,2329.95,3,1434.66,1698.69,19,Non,None
REC00667,11-08-2025,Web,3604,115,144,64972.02,9461.27,5,2265.45,7247.85,43,Oui,Summer Sale
REC00269,2025-03-31,App,2001,83,119,35124.63,3309.33,4,1492.5,4004.87,29,Non,None
REC01440,2026/04/25,Marketplace ,1253,79,101,48236.49,3217.32,5,2870.61,1940.66,33,Non ,None
REC00973,2025-11-21,Web,3397,131,174,74051.72,8570.35,2,1055.69,7276.27,33,Oui,Black Friday
REC00266,30/03/2025,App,1789,63,94,24492.15,3193.61,4,1270.2,3426.81,23,Non,None
REC00072,2025/01/24,Marketplace,830,48,67,30345.8,903.65,3,1477.79,1490.67,19,Non,None
REC01824,2026/08/31,Marketplace,1074,68,87,44374.64,2648.62,2,,1992.73,29,Non,None
REC00898,27/10/2025,Web,3238,107,149,59816.73,6095.57,6,2796.26,5621.64,28,Non,None
REC01666,10/07/2026,Web,3507,172,231,94804.62,22524.08,6,2608.42,6967.73,60,Oui,Summer Sale
REC00531,26-06-2025,Marketplace,1037,58,83,42515.31,3217.38,3,1715.56,1959.55,22,Non,None
REC00579,12-07-2025,Marketplace,1456,77,107,45905.23,9470.56,6,3336.13,2445.58,26,Oui,Summer Sale
REC01433,2026-04-23,App,1900,91,121,40045.36,3556.18,6,2306.79,4338.94,26,Non,None
REC01311,13-03-2026,Marketplace,1294,63,87,39548.32,7962.71,5,2891.27,2066.62,25,Oui,Ramadan
REC00565,2025-07-08,Web,2850,92,122,54163.86,0.0,3,1432.94,6546.12,27,Non,None
REC00707,24-08-2025,APP ,2731,112,150,52079.4,7019.84,8,3049.79,5839.98,43,Oui,Summer Sale
REC00122,10/02/2025,App,1730,70,102,31948.64,2480.17,3,1239.2,3011.11,29,Non,None
REC01775,15-08-2026,App,2736,112,166,49047.99,6539.92,7,2636.82,5370.67,26,Oui,Summer Sale
REC01649,2026-07-04,App,2095,90,125,42983.36,4430.35,5,2238.68,3559.95,25,Non,None
REC00850,11/10/2025,Web,3116,89,120,47736.47,1559.12,4,1989.48,5730.46,32,Non ,None
REC00356,2025/04/29,App,1676,43,65,19590.27,1017.62,1,352.42,3806.56,11,Non,None
REC00732,2025/09/01,Marketplace,1325,92,136,59150.66,13650.7,5,2685.92,2077.34,30,Oui,Back to School
REC00280,2025/04/04,Web,2643,52,67,31936.18,3150.88,1,533.64,4031.36,16,Non,None
REC00963,17-11-2025,Marketplace,1208,73,89,46534.19,3572.03,3,1420.24,2106.52,25,Non,None
REC00410,17/05/2025,App,2318,98,124,48909.86,2999.86,3,1407.43,4541.02,22,Non,None
REC01650,04/07/2026,Marketplace,1128,79,106,49239.69,3886.37,8,4748.52,2323.93,34,Non,None
REC01590,14/06/2026,Marketplace,1257,64,79,42814.54,1029.82,3,1793.63,2100.68,14,Non,None
REC01359,29-03-2026,Marketplace,1101,57,80,36765.13,2942.48,5,2461.82,1918.69,21,Non,None
REC00440,2025/05/27,App,2304,89,122,38742.19,3880.6,2,791.83,3921.82,31,Non,None
REC00004,2025/01/02,Web,2109,62,77,35331.42,3617.41,1,501.64,4574.26,26,Non,None
REC00761,2025-09-11,App,2230,110,156,50574.74,4586.27,5,1809.63,4749.08,41,Oui,Back to School
REC00358,30/04/2025,Web,2560,63,82,35575.57,1214.38,4,1808.86,5384.95,17,Non,None
REC01180,2026/01/29,Web,2416,65,89,37973.02,3959.4,2,1088.37,5749.91,26,Non,None
REC01700,2026/07/21,App,2786,105,140,51499.01,5198.76,3,1257.45,5618.7,25,Oui,Summer Sale
REC00161,2025-02-23,App,2119,86,107,40355.55,0.0,2,789.05,3064.89,24,Non,None
REC00899,27-10-2025,App,1715,75,96,36411.3,5125.52,2,793.21,3680.01,27,Non,None
REC01098,01/01/2026,Marketplace,1029,33,43,18697.67,1918.68,2,1076.58,1769.15,11,Non,None
REC00396,2025/05/12,Marketplace,915,37,52,23355.05,761.53,1,506.26,2056.41,15,Non,None
REC00720,2025/08/28,Marketplace,914,43,58,25468.81,2194.4,4,1782.68,1920.25,14,Non,None
REC00158,22/02/2025,App,1767,72,99,28967.35,12.67,4,1527.65,3052.64,22,Non,None
REC01763,11-08-2026,App,2581,146,208,65145.84,10874.28,8,3337.78,5223.26,63,Oui,Summer Sale
REC01279,03-03-2026,Web,2746,110,133,62838.84,2858.52,3,1548.87,5988.99,29,Non,None
REC01445,2026-04-27,App,1695,63,90,26874.33,1196.51,2,635.99,4068.97,19,Non,None
REC00791,21-09-2025,App,1863,84,115,34452.64,3373.73,2,594.14,3930.98,28,Non,None
REC01247,20-02-2026,App,1687,78,95,33672.53,5030.09,3,983.89,3909.1,22,Non,None
REC01382,06/04/2026,App,1853,99,150,50705.55,2988.64,2,812.54,3708.87,42,Non,None
REC01782,17/08/2026,Marketplace,1159,83,98,42620.86,4478.71,7,3074.86,2658.17,28,Oui,Summer Sale
REC00311,14-04-2025,App,1991,72,99,35259.31,0.0,4,1748.29,3820.78,27,Non,None
REC00620,2025/07/26,App,2393,81,112,43966.03,118.82,4,1645.3,5366.15,34,Non,None
REC00702,22/08/2025,Marketplace,1262,82,121,53350.99,6870.19,4,2332.43,2650.04,36,Oui,Summer Sale
REC00447,29-05-2025,Marketplace,927,53,69,31363.76,3537.92,4,2170.84,,20,Non,None
REC01139,15-01-2026,App,1634,89,114,39666.25,3072.71,4,1413.57,3773.03,38,Non,None
REC00295,09-04-2025,Web,2503,66,90,39858.3,1539.75,0,0.0,5057.82,27,Non,None
REC01720,2026/07/28,Web,2783,112,155,61828.08,3197.83,2,817.03,6451.45,39,Non,None
REC00513,2025-06-20,Marketplace,1016,51,78,32008.38,3351.8,3,1727.59,1646.24,19,Non,None
REC01486,11/05/2026,Web,2342,64,78,38082.32,5223.63,2,1054.51,5204.41,17,Non,None
REC00134,14/02/2025,App,1800,78,111,38890.55,2632.66,6,2333.07,3027.8,25,Non,None
REC00548,2025/07/02,App,2299,109,145,55163.73,4011.41,5,1886.22,3018.59,44,Non,None
REC01749,2026-08-06,Marketplace,957,64,92,34244.49,4750.81,5,2419.82,1911.04,20,Non,None
REC01631,28-06-2026,App,2560,125,155,61287.57,1387.1,3,1192.54,3657.96,39,Non,None
REC00118,09/02/2025,Web,2394,72,94,39226.06,2314.38,1,516.33,4679.95,30,Non,None
REC01327,19-03-2026,Web,3017,113,155,61712.47,8372.96,7,3504.19,6278.1,35,Oui,Ramadan
REC01561,2026-06-05,Web,2452,82,120,40012.19,1762.71,5,1933.48,4966.13,22,Non,None
REC01592,2026/06/15,App,1846,88,118,42358.39,2352.8,2,878.66,3717.88,32,Non,None
REC00640,2025/08/02,Web,3220,99,130,52371.68,2956.06,1,411.02,5482.05,38,Non,None
REC00529,2025-06-26,Web,2138,67,82,40496.04,1656.21,4,1882.15,5345.31,24,Non,None
REC00900,2025/10/27,Marketplace,918,43,57,26065.35,495.67,2,968.72,2232.18,13,Non,None
REC00100,2025/02/03,Web,,77,114,47520.67,3965.55,4,2317.35,5770.97,22,Non,None
REC00789,2025-09-20,Marketplace,1073,46,63,28063.87,960.27,4,1790.59,1834.97,13,Non,None
REC01801,2026-08-24,Web,3400,126,180,72821.93,16242.04,8,,6173.94,37,Oui,Summer Sale
REC01577,2026-06-10,App,2127,96,147,35689.62,1362.15,5,1810.55,3810.06,40,Non,None
REC01250,21/02/2026,App,1743,84,115,35202.66,2128.98,2,686.97,3987.33,24,Non,None
REC00169,2025-02-26,Web,2099,67,93,38601.59,268.34,3,1643.09,4081.8,21,Non,None
REC01679,14-07-2026,App,2631,136,174,60947.75,10026.53,3,1108.04,4680.76,36,Oui,Summer Sale
REC01744,2026/08/05,Web,3312,76,107,40410.13,2620.34,2,872.31,5400.78,18,Non,None
REC01793,2026-08-21,App,2903,133,175,63889.72,12769.43,8,3246.09,5595.04,49,Oui,Summer Sale
REC00425,2025-05-22,App,1693,50,62,20975.36,2228.59,3,1101.08,3012.32,17,Non,None
REC00194,06/03/2025,App,2352,123,150,57758.42,17776.37,6,2404.92,3672.93,30,Oui,Ramadan
REC01654,06/07/2026,Web,2634,106,138,59551.97,0.0,3,1517.97,7083.14,31,Non,None
REC00204,2025/03/09,Marketplace,1146,65,90,39288.72,5333.13,4,2287.04,2164.07,19,Oui,Ramadan
REC00154,21/02/2025,Web,2300,71,97,43534.64,1366.02,3,1798.94,5051.3,20,Non,None
REC01639,01-07-2026,Web,3334,100,140,50771.5,1104.19,4,1811.94,5325.13,38,Non,None
REC00421,2025-05-21,Web,2742,95,125,51584.89,6384.19,6,2392.99,5184.49,40,Non,None
REC00812,2025/09/28,App,2351,85,114,44043.58,3675.17,1,401.77,4596.6,27,Non,None
REC00091,31-01-2025,Web,2273,79,119,41464.58,550.75,4,1923.46,4491.24,32,Non,None
REC00730,01/09/2025,Web,2621,82,115,50949.52,10548.36,2,896.2,7043.45,32,Oui,Back to School
REC00921,2025-11-03,Marketplace,967,71,92,41860.47,3286.96,4,1901.9,2358.53,19,Non,None
REC01159,22-01-2026,web,2213,92,133,54060.72,5102.78,6,2783.98,3889.04,37,Non,None
REC01597,2026-06-17,Web,3641,109,146,58251.74,584.28,6,3067.02,5117.89,40,Non,None
REC00514,21/06/2025,Web,3444,82,100,44982.5,2619.97,4,2006.45,4506.65,19,Non,None
REC01025,2025-12-08,App,2677,105,139,45722.23,5743.76,5,1838.71,5742.66,26,Non,None
REC00493,2025-06-14,Web,2392,84,110,47787.02,3029.34,3,1665.45,6394.64,23,Non,None
REC01799,23-08-2026,App,3064,127,175,57211.91,11746.75,5,1863.62,4290.35,49,Oui,Summer Sale
REC00534,27/06/2025,Marketplace,1055,51,70,31505.28,3890.98,2,1168.09,2297.35,18,Non,None
REC00554,04/07/2025,App,2093,90,114,45585.04,415.79,5,2473.71,4379.21,28,Non,None
REC01646,03/07/2026,App,2332,82,103,40801.04,5167.54,4,1669.22,3899.84,35,Non,None
REC00188,2025/03/04,App,2153,83,109,39831.97,4619.96,7,2755.76,4122.06,27,Non,None
REC01046,15/12/2025,App,3160,204,279,89385.32,5321.46,5,1602.27,5970.11,51,Oui,Year End
REC00615,24-07-2025,Marketplace,1167,62,88,37840.19,4630.83,4,2035.05,2781.32,21,Oui,Summer Sale
REC01158,21/01/2026,Marketplace,912,70,92,39127.13,2620.58,6,3193.07,1948.83,16,Non,None
REC00162,23/02/2025,Marketplace,1086,51,61,31413.63,2276.07,3,1555.1,1318.7,18,Non,None
REC01241,2026-02-18,App,1887,92,133,42420.69,2412.25,8,2784.46,3304.25,24,Non,None
REC01265,2026-02-26,App,1970,76,103,34685.41,3184.13,3,1130.45,2917.28,29,Non,None
REC01088,2025/12/29,App,2624,116,165,58244.45,12023.54,6,2892.21,5860.05,51,Oui,Year End
REC00034,12/01/2025,Web,2782,96,132,51790.63,7910.9,4,1728.43,5067.59,24,Non,None
REC00830,04/10/2025,App,2305,125,165,56463.79,5074.77,4,1458.56,3999.63,28,Non,None
REC00380,2025/05/07,App,1768,76,101,35198.95,3606.4,4,1698.17,3658.99,31,Non,None
REC01218,10/02/2026,Marketplace,877,46,63,27149.87,2605.08,3,1484.9,1595.34,17,Non,None
REC00113,2025-02-07,App,1920,68,90,36568.8,3074.54,2,834.62,3235.01,16,Non,None
REC01131,12-01-2026,Marketplace,808,43,59,24673.34,1642.9,3,1671.73,1504.39,10,Non,None
REC01320,2026/03/16,Marketplace,1081,75,105,39485.72,2832.48,4,1587.3,2410.52,32,Oui,Ramadan
REC01422,19/04/2026,Marketplace,1117,55,78,33379.15,1720.81,2,938.05,1761.44,22,Non,None
REC01606,20/06/2026,Web,3323,124,177,69208.02,9020.78,7,3201.09,5137.9,46,Non,None
REC00648,2025/08/04,Marketplace,1013,46,62,30975.92,4097.24,2,1024.35,1849.77,12,Non,None
REC01798,23/08/2026,Web,3539,140,186,67480.9,4695.61,6,2346.04,6596.25,44,Oui,Summer Sale
REC01644,2026/07/02,Marketplace,1132,51,67,28432.68,2091.12,2,880.47,2353.17,18,Non,None
REC01291,07-03-2026,Web,3591,116,159,64940.5,9825.35,2,948.15,6862.44,49,Oui,Ramadan
REC00790,21/09/2025,Web,3128,124,162,68709.83,5376.89,7,3217.68,5229.17,47,Non,None
REC00045,2025-01-15,Marketplace,937,58,83,33711.57,1859.61,3,1644.99,1275.1,17,Non,None
REC00552,2025/07/03,Marketplace,1306,69,87,46695.4,3693.0,6,2954.89,2115.32,29,Non,None
REC00669,2025-08-11,Marketplace,1309,76,98,46464.0,5509.8,7,3308.08,2705.5,30,Oui,Summer Sale
REC00367,03-05-2025,Web,2919,101,128,57934.37,0.0,4,2182.71,6028.05,34,Non,None
REC00572,2025/07/10,App,2433,89,121,45008.85,4754.24,5,2229.01,4887.9,27,Oui,Summer Sale
REC00712,2025/08/26,Web,3051,101,130,52828.62,3238.62,2,923.61,5280.15,25,Non,None
REC01601,2026-06-18,App,1723,75,89,36560.03,1681.53,3,1250.95,3760.8,17,Non,None
REC01729,2026-07-31,Web,3304,107,142,63399.55,4197.1,3,1737.9,6786.33,45,Non,None
REC00600,2025/07/19,Marketplace,1339,77,110,48533.28,11315.95,7,3293.77,2619.65,21,Oui,Summer Sale
REC00778,17/09/2025,Web,2712,63,84,33596.18,2619.48,3,1377.25,5567.43,14,Non,None
REC00365,2025-05-02,App,2179,91,130,45753.83,6434.59,4,1945.24,3898.54,33,Non,None
REC01750,07/08/2026,Web,2771,75,119,42647.17,1204.35,3,1479.43,4050.09,32,Non,None
REC00939,09-11-2025,Marketplace,1528,82,103,52492.31,6762.84,5,2385.76,2218.89,24,Non,None
REC00043,15-01-2025,Web,2697,70,93,37317.19,1055.66,1,517.69,3951.57,23,Non,None
REC00832,2025/10/05,Web,3398,109,143,66947.47,11484.77,6,3318.71,5820.67,47,Non,None
REC00592,2025/07/17,Web,3367,133,182,73350.56,14267.44,10,4903.01,6829.0,46,Oui,Summer Sale
REC01574,09/06/2026,App,1859,84,103,36990.64,4620.13,5,1985.52,4210.76,23,Non,None
REC00221,2025-03-15,App,2535,121,141,58866.14,13358.86,5,2088.17,5344.36,40,Oui,Ramadan
REC01072,2025/12/24,Web,4195,133,174,68887.16,18677.05,7,3414.75,7634.85,51,Oui,Year End
REC01312,2026/03/14,Web,3854,167,221,91348.51,16723.23,8,3437.23,6483.98,67,Oui,Ramadan
REC01437,2026-04-24,Marketplace,1076,60,82,32011.98,2033.96,5,2339.69,2018.73,15,Non,None
REC01508,2026/05/18,App,1954,71,87,35379.97,2571.89,3,1162.94,3909.07,28,Non,None
REC01012,2025/12/04,Web,3943,120,160,66020.47,3315.33,5,2133.26,6012.82,36,Non,None
REC00962,17/11/2025,App,2433,128,169,51508.28,4498.47,7,2189.09,5741.66,42,Non,None
REC01192,2026/02/02,Web,1869,56,69,29238.18,1116.43,4,1718.31,5243.78,13,Non,None
REC00877,2025-10-20,Web,2637,90,124,50196.72,0.0,4,2150.06,6335.26,27,Non,None
REC00354,28/04/2025,Marketplace,863,53,70,28253.67,1153.11,4,1874.34,1822.92,14,Non,None
REC00418,20/05/2025,Web,2732,63,78,34604.19,2820.24,1,458.94,5779.83,27,Non,None
REC00286,06/04/2025,Web,3000,106,135,57615.97,2505.9,3,1591.51,5316.49,30,Non,None
REC00153,2025-02-20,Marketplace,928,48,61,29913.64,2810.28,4,2033.08,1557.72,19,Non,None
REC00512,2025/06/20,App,2198,76,97,35403.35,3083.87,2,826.38,,27,Non,None
REC00930,06/11/2025,Marketplace,1554,82,113,54517.46,2351.04,8,4646.16,2400.56,18,Non,None
REC00191,05-03-2025,App,2632,117,150,46779.85,6611.2,4,1392.42,5022.13,40,Oui,Ramadan
REC00643,03-08-2025,Web,2985,72,88,41174.77,2197.33,2,988.63,6980.54,20,Non,None
REC01709,2026-07-24,App,2110,58,80,31481.45,10048.23,2,1008.41,4525.76,19,Oui,Summer Sale
REC00999,29-11-2025,Marketplace,1673,113,162,69149.17,8620.89,5,2754.85,2323.33,44,Oui,Black Friday
REC01728,2026/07/30,Marketplace,909,43,53,24090.98,1373.03,3,1222.93,1659.88,11,Non,None
REC01121,2026-01-09,app,1794,45,57,23325.72,1259.06,2,993.39,3226.85,20,Non,None
REC00304,2025/04/12,Web,3218,111,158,65798.74,1908.41,4,2051.45,5116.91,44,Non,None
REC01515,20-05-2026,Marketplace,978,55,73,33026.44,1555.85,4,2271.0,1664.92,14,Non,None
REC01199,04-02-2026,App,1746,78,117,36647.08,1493.51,2,726.37,2962.56,25,Non,None
REC01784,2026/08/18,App,2439,124,156,54118.66,11746.13,6,2499.17,4593.03,43,Oui,Summer Sale
REC00740,2025/09/04,App,2816,147,201,68566.57,15837.06,3,1247.71,5682.87,44,Oui,Back to School
REC00967,19-11-2025,Web,2848,90,147,52115.49,5392.43,5,2786.73,6557.96,38,Non,None
REC01356,2026/03/28,Marketplace,836,40,51,23310.33,2218.35,3,1339.91,1885.79,16,Non,None
REC01446,27/04/2026,Marketplace,983,50,69,26263.73,478.05,4,1652.1,1828.28,15,Non,None
REC01282,04/03/2026,Web,2940,61,78,39894.46,4580.72,3,1634.96,6070.45,22,Non,None
REC00476,2025/06/08,App,2362,89,114,36107.83,2832.68,6,2341.47,4368.86,25,Non,None
REC00788,2025/09/20,App,2323,99,141,43542.63,2024.89,5,,3614.35,32,Non,None
REC01753,2026-08-08,Web,2877,102,137,55791.31,4844.54,6,2771.38,6002.76,37,Non,None
REC01420,2026/04/19,Web,,85,115,47878.29,2479.81,6,3049.31,6089.15,36,Non,None
REC01511,19-05-2026,App,1960,80,104,34378.21,2165.15,6,2234.3,4517.73,19,Non,None
REC00868,2025/10/17,Web,2657,73,106,42757.3,2097.03,2,1070.93,5750.08,22,Non,None
REC00022,08/01/2025,Web,2359,76,99,44626.2,3212.57,3,1376.37,4900.23,28,Non,None
REC00928,2025/11/06,Web,3687,144,190,85966.06,0.0,10,4867.99,5738.67,44,Non,None
REC00049,2025-01-17,Web,2474,85,116,50443.44,7801.52,3,1568.74,4234.92,23,Non,None
REC00261,2025-03-28,Marketplace,1219,64,92,34324.01,2489.46,4,1983.52,2070.71,14,Non,None
REC01788,2026/08/19,Marketplace,1119,61,76,38688.62,9404.89,8,3907.26,2515.37,24,Oui,Summer Sale
REC00466,05/06/2025,Web,2315,62,81,35707.27,407.35,1,518.59,5090.22,20,Non,None
REC01502,16/05/2026,App,1836,67,98,34361.9,2842.78,4,1699.17,4164.32,22,NON,None
REC00825,2025-10-02,Marketplace,846,49,69,28549.42,959.77,3,1594.21,2079.13,18,Non,None
REC00616,2025/07/25,Web,3820,177,274,84365.56,9548.71,5,2238.31,8299.91,43,Oui,Summer Sale
REC01560,2026/06/04,Marketplace,971,47,62,27959.4,1111.46,3,1408.77,1985.45,10,Non,None
REC00938,09/11/2025,App,2913,129,183,65550.35,5183.05,1,496.62,5634.95,49,Non,None
REC00612,2025/07/23,Marketplace,1366,73,95,40757.68,14225.35,6,3108.05,2807.88,22,Oui,Summer Sale
REC00848,2025/10/10,App,1895,96,140,41661.74,1508.78,4,1257.46,4773.0,41,Non,None
REC01166,24/01/2026,App,1935,85,125,42463.35,411.23,2,879.55,2628.62,31,Non,None
REC00014,05/01/2025,App,2048,94,131,42804.77,3318.79,7,2917.89,3707.54,28,Non,None
REC00260,2025/03/28,App,2100,68,92,33433.32,1981.67,2,914.7,4600.45,22,Non,None
REC00456,2025/06/01,Marketplace,1271,67,85,43277.13,2127.89,5,3142.43,1682.74,24,Non,None
REC01077,2025-12-25,Marketplace,1388,73,98,45440.76,7870.85,5,2823.92,3216.24,20,Oui,Year End
REC01124,2026/01/10,App,2027,74,90,36515.59,3884.5,4,1864.82,3560.47,27,Non,None
REC00818,30/09/2025,App,2057,74,103,35191.1,3986.29,4,1610.98,4807.59,18,Non,None
REC00214,13/03/2025,Web,3456,136,174,80201.95,24563.17,6,3019.99,6677.73,41,Oui,Ramadan
REC00979,23-11-2025,Web,4119,152,192,84124.24,24029.29,7,2861.25,7889.71,57,Oui,Black Friday
REC01754,08/08/2026,App,2279,82,111,38760.83,1306.05,4,1639.88,4513.01,19,Non,None
REC01379,05-04-2026,App,2169,101,121,48484.76,5146.12,6,2208.16,4418.71,32,Non,None
REC00893,2025-10-25,App,2433,141,213,67606.59,6671.42,3,1279.41,4065.48,31,Non,None
REC01495,14-05-2026,Web,2862,93,130,48401.12,3754.1,4,2025.98,5897.96,38,Non,None
REC00912,2025/10/31,Marketplace,932,54,75,35523.3,1967.06,4,2103.53,1686.72,17,Non,None
REC01452,2026/04/29,Marketplace,946,40,58,21269.81,1965.02,2,913.0,1693.36,13,Non,None
REC01618,24/06/2026,Web,3230,67,93,38999.61,5595.39,1,512.44,5527.76,22,Non,None
REC00946,12/11/2025,Web,2744,105,143,65501.38,1490.1,5,2960.47,6237.63,32,Non,None
REC00338,23/04/2025,App,1993,61,84,26724.75,3365.22,4,1274.68,4115.12,26,Non,None
REC01684,2026/07/16,Web,3336,165,221,99120.42,21037.23,1,432.95,6009.3,53,Oui,Summer Sale
REC00482,10/06/2025,App,2039,80,109,37640.24,3445.5,3,1244.63,4151.83,31,Non,None
REC00489,2025-06-12,Marketplace,952,55,63,34912.33,2711.44,5,2614.79,1756.72,23,Non,None
REC00048,2025/01/16,Marketplace,837,37,54,23641.92,2268.9,3,1397.0,1825.81,8,Non,None
REC00645,2025-08-03,Marketplace,996,51,69,30938.82,545.78,4,2364.61,1843.58,12,Non,None
REC01400,2026/04/12,App,2247,90,128,37771.36,2044.42,7,2554.76,4470.25,36,Non,None
REC01029,2025-12-09,Marketplace,1335,70,96,42578.44,2116.73,5,2709.41,2188.68,28,Non,None
REC00764,2025/09/12,App,2354,96,143,49357.71,7782.96,7,2998.06,4923.19,22,Oui,Back to School
REC01189,2026-02-01,Web,2604,76,101,42070.51,1226.7,3,1327.48,4880.97,30,Non,None
REC01137,2026-01-14,Marketplace,968,62,78,37127.95,3146.68,5,2492.27,1482.79,25,Non,None
REC00349,2025-04-27,Web,3096,66,93,36889.32,1582.96,5,2155.72,4854.66,28,Non,None
REC00160,2025/02/23,Web,2492,73,104,37643.92,4043.64,4,1735.06,4817.33,22,Non,None
REC00110,06/02/2025,App,1616,61,71,27443.84,1002.41,1,364.23,2846.24,22,Non,None
REC01538,28/05/2026,App,1837,59,82,26300.88,1595.54,1,384.04,3282.6,15,Non,None
REC00140,2025/02/16,App,1871,71,94,35725.73,2171.18,1,470.94,3565.63,20,Non,None
REC01711,25-07-2026,Web,3757,101,132,56702.29,12055.41,4,2084.49,7103.69,37,Oui,Summer Sale
REC00150,19/02/2025,Marketplace,721,33,42,20847.6,935.74,2,1193.73,1420.31,8,Non,None
REC01391,09-04-2026,App,1616,67,89,32082.53,4076.76,3,1087.28,4109.45,29,Non,None
REC00020,2025/01/07,App,1785,77,96,35450.49,3663.24,4,1759.88,3570.2,23,Non,None
REC00966,18/11/2025,Marketplace,1185,55,73,34277.36,4159.56,6,3298.14,2505.91,17,Non,None
REC01132,2026/01/13,Web,2367,67,97,38254.73,1641.91,3,1285.55,3866.75,16,Non,None
REC00324,2025/04/18,Marketplace,997,41,53,27441.64,1389.52,3,1751.71,2114.61,16,Non,None
REC01410,15/04/2026,Marketplace,1032,40,53,25720.41,527.28,2,1031.71,1874.07,14,Non,None
REC01570,08/06/2026,Web,2504,79,101,45354.57,3351.12,4,1977.58,5886.02,25,Non,None
REC01376,2026/04/04,App,2116,79,105,35800.58,3796.49,2,782.18,3420.24,25,oui,None
REC00887,23-10-2025,App,2121,100,149,42757.34,3998.57,4,1571.03,5015.39,28,Non,None
REC00638,01/08/2025,App,2019,117,158,58830.1,5372.21,3,1435.38,4111.9,47,Non,None
REC00571,10-07-2025,Web,4070,121,171,68272.73,12034.1,4,1653.69,6925.77,28,Oui,Summer Sale
REC00321,2025-04-17,Marketplace,964,41,59,24009.0,742.51,3,1499.13,1679.01,13,Non,None
REC00793,2025-09-22,Web,2792,75,105,41643.48,262.4,2,1048.15,4879.33,21,Non,None
REC00670,12/08/2025,Web,3481,122,164,63504.09,6997.8,6,3019.44,6794.78,50,Oui,Summer Sale
REC00747,06-09-2025,Marketplace,1389,72,94,41081.88,4373.84,5,2519.78,2027.5,17,Oui,
REC00546,01/07/2025,Marketplace,888,39,54,25591.23,1478.13,3,1579.26,1614.29,12,Non,None
REC01174,27/01/2026,Web,2920,83,125,49109.25,2898.8,3,1298.84,3640.51,27,Non,None
REC00944,2025/11/11,App,,98,132,41238.6,6876.38,8,3161.65,5299.74,40,Non,None
REC01540,2026/05/29,Web,2988,92,133,47944.83,4190.46,2,1004.14,5022.8,31,Non,None
REC01421,2026-04-19,App,2310,75,99,34603.74,2015.66,3,1291.13,4290.36,21,Non,None
REC01550,01/06/2026,App,1792,94,143,41122.33,2936.94,5,1990.61,4245.89,33,Non,None
REC00284,2025/04/05,App,2141,70,92,29194.81,650.97,2,693.58,3453.51,29,Non,None
REC01216,2026/02/10,Web,2131,50,66,27838.77,3539.42,2,890.3,5321.32,12,Non,None
REC00745,2025-09-06,Web,3014,102,133,51737.8,11116.18,5,2483.06,7687.34,24,Oui,Back to School
REC00323,18-04-2025,App,1943,83,118,41668.52,1949.86,4,1714.16,3332.84,29,Non,None
REC00913,2025-11-01,Web,3866,121,177,62467.42,5594.93,5,2398.72,5656.44,33,Non,None
REC00463,04-06-2025,Web,2466,62,93,32855.35,3058.79,3,1553.62,6779.21,26,Non,None
REC01030,10/12/2025,Web,3763,120,172,67332.1,5847.56,6,2695.98,7636.87,39,Non,None
REC00409,2025-05-17,Web,3119,96,135,51415.79,2210.51,6,2442.89,4636.56,42,Non,None
REC01307,12-03-2026,App,2440,152,185,71507.71,7803.65,12,4308.65,4539.52,42,Oui,Ramadan
REC00836,2025/10/06,App,2111,67,82,31107.61,2897.61,3,1073.34,3907.39,25,Non,None
REC00297,2025-04-09,Marketplace,916,43,54,22211.28,1128.51,3,1428.89,1801.24,12,Non,None
REC00894,25/10/2025,Marketplace,1239,53,66,32935.36,4148.94,5,2966.88,2293.85,17,Non,None
REC01444,2026/04/27,Web,2428,57,83,34220.7,2018.41,3,1591.87,5402.58,25,Non,None
REC00488,2025/06/12,App,2059,84,93,37170.56,4985.68,5,1967.67,4436.73,19,Non,None
REC00399,13-05-2025,Marketplace,959,50,73,26764.89,1128.45,4,2078.41,1529.83,11,Non,None
REC00855,12-10-2025,Marketplace,1328,59,79,34978.32,0.0,4,2142.64,2038.95,24,Non,
REC01151,19-01-2026,App,1756,67,85,29408.87,1551.94,2,761.19,4375.56,28,Non,None
REC00729,2025-08-31,Marketplace,1014,73,95,47846.83,5257.45,3,1853.1,1867.71,25,Non,None
REC00668,2025/08/11,App,2563,130,178,57591.47,10050.84,4,1315.68,5583.93,31,Oui,Summer Sale
REC00076,2025/01/26,Web,2249,63,87,37448.19,5679.31,4,2088.37,5659.33,18,Non,None
REC00806,26/09/2025,App,2074,78,115,32737.45,2565.62,2,786.23,4423.6,17,Non,None
REC01260,2026/02/24,Marketplace,832,40,54,25738.27,998.3,1,628.77,1943.51,11,Non,None
REC01076,2025/12/25,App,3325,201,281,94493.64,25773.13,10,3721.25,6856.35,81,Oui,Year End
REC00310,14/04/2025,Web,2389,61,83,34691.4,2466.92,3,1388.86,4363.24,24,Non,
REC01365,2026-03-31,Marketplace,1087,54,73,36087.24,1601.12,3,1929.32,1682.05,16,Non,None
REC00895,26-10-2025,Web,3551,120,146,69485.52,6754.03,9,4838.82,5805.78,28,Non,None
REC00804,2025/09/25,Marketplace,1217,49,65,31700.8,2285.72,4,2532.1,1896.14,21,Non,None
REC01301,2026-03-10,App,2703,123,165,55713.35,3002.97,6,2552.64,4574.2,52,Oui,Ramadan
REC01656,2026/07/06,Marketplace,942,41,56,28116.77,2317.18,3,1941.89,2232.15,13,Non,None
REC01303,11-03-2026,Web,2627,94,137,60190.53,15224.54,4,2239.43,6775.28,36,Oui,Ramadan
REC00305,2025-04-12,App,2225,92,121,43966.94,2596.34,3,1363.33,3645.19,23,Non,None
REC00235,20-03-2025,Web,3333,117,147,61531.05,11608.68,1,497.83,7276.82,34,Oui,Ramadan
REC00767,13-09-2025,App,2801,103,139,49995.3,14884.83,4,1801.28,5149.22,24,Oui,Back to School
REC00054,18/01/2025,Marketplace,945,57,76,40601.44,4178.57,4,2606.06,1251.76,23,Non,None
REC00426,22/05/2025,Marketplace,970,59,81,34083.59,163.94,2,1076.5,1244.55,21,Non,None
REC00363,01-05-2025,Marketplace,889,47,62,29997.56,923.57,3,1862.71,1736.09,17,Non,None
REC01074,24/12/2025,Marketplace,1676,90,126,54293.86,6508.41,7,3297.0,2906.89,31,Oui,Year End
REC01255,23-02-2026,Web,2159,82,117,45603.03,6409.21,6,3127.3,4798.3,32,Non,None
REC01079,26-12-2025,App,3657,153,209,67419.65,6207.76,9,3539.46,5459.21,37,Oui,Year End
REC01401,2026-04-12,Marketplace,1038,58,84,36347.1,90.22,3,1438.8,2037.72,24,Non,None
REC00314,15/04/2025,App,2039,104,144,54623.4,3011.71,6,3008.98,3622.31,37,Non,None
REC01105,2026-01-04,Web,2754,82,115,47644.71,2027.98,4,2249.06,3175.91,28,Non,None
REC01144,2026/01/17,Web,2235,67,97,37933.48,842.49,3,1247.02,5216.18,24,Non,None
REC00710,25/08/2025,App,2062,89,119,41852.03,8284.49,5,1757.0,5178.78,29,Oui,Summer Sale
REC01066,22/12/2025,Web,3865,121,168,65250.24,16160.85,11,5773.65,8407.47,33,Oui,Year End
REC01522,23/05/2026,Web,3654,130,173,67399.04,2343.04,5,2520.33,5178.14,31,Non,None
REC00757,2025-09-10,Web,3535,138,190,81310.63,18873.32,9,4473.83,6056.2,43,Oui,Back to School
REC01669,2026-07-11,Web,3912,140,191,76765.57,21697.12,6,2813.95,7048.02,54,Oui,Summer Sale
REC00003,01-01-2025,Marketplace,964,47,74,28145.95,2593.88,3,1433.94,1413.88,16,Non,None
REC00639,01-08-2025,Marketplace,1007,53,70,25657.79,1952.63,4,1416.76,1821.24,21,Non,None
REC00659,08-08-2025,App,2326,98,136,52088.93,530.01,5,2066.53,4805.12,29,Non,None
REC00698,21/08/2025,App,2589,120,181,54909.16,4444.61,1,330.9,5493.04,37,Oui,Summer Sale
REC01005,2025-12-01,Marketplace,1159,86,115,50545.55,2616.47,6,2572.7,2711.39,35,Non,None
REC00792,2025/09/21,Marketplace,1205,86,115,51268.91,4809.5,3,1543.76,1574.75,32,Non,None
REC01082,27/12/2025,App,3322,171,226,81637.26,20174.02,10,3542.47,7118.3,62,Oui,Year End
REC00443,28-05-2025,App,2138,59,77,30827.27,2691.44,2,,4292.79,17,Non,None
REC00038,13/01/2025,App,1628,54,82,23972.58,2421.52,2,767.96,3004.89,16,Non,None
REC01194,02/02/2026,Marketplace,659,38,51,24066.75,918.67,3,1640.39,2009.26,11,Non,None
REC01086,28/12/2025,Marketplace,1411,85,126,48514.0,7979.47,7,3397.8,2643.02,29,Oui,Year End
REC01758,09/08/2026,Marketplace,1248,66,100,39692.01,5693.51,6,2758.11,1902.81,19,Non,None
REC01314,14/03/2026,Marketplace,1249,68,95,36073.43,4268.27,2,999.76,2235.47,21,Oui,Ramadan
REC01149,2026-01-18,Marketplace,934,53,76,28523.41,2255.81,3,1390.14,1779.71,14,Non,None
REC01056,2025/12/18,Marketplace,1592,83,115,48817.53,7356.44,5,2346.01,2972.14,24,Oui,Year End
REC01600,2026/06/18,Web,2925,100,131,52773.69,5260.12,5,1904.18,5773.08,42,Non,None
REC01501,2026-05-16,Web,3019,77,104,44142.79,5113.05,2,933.21,4679.6,27,Non,None
REC01730,31/07/2026,App,1989,97,128,46103.41,4104.09,2,879.06,3358.45,39,Non,None
REC01476,2026/05/07,Marketplace,884,40,53,26629.97,3650.73,2,1273.47,1829.06,17,Non,None
REC01660,2026/07/08,Web,2958,107,142,62544.4,7895.91,5,2805.82,6389.64,44,Non,None
REC01228,2026/02/14,Web,2224,92,123,44907.21,3115.81,2,738.56,5400.22,25,Non,None
REC01548,2026/05/31,market place,1141,55,79,31704.26,1763.55,2,999.43,2189.46,13,Non,None
REC01581,2026-06-11,Marketplace,917,54,74,35561.69,4738.24,3,1873.24,1850.08,20,Non,None
REC00783,18-09-2025,Marketplace,886,42,51,26075.6,314.28,3,1734.04,1738.04,13,Non,None
REC00163,24-02-2025,Web,2034,51,71,27900.88,180.64,2,918.52,5168.02,19,Non,None
REC00752,2025/09/08,App,2342,104,140,48044.95,10477.25,5,1868.95,5156.99,24,Oui,Back to School
REC00276,2025/04/02,Marketplace,3249,114,159,68017.07,3538.14,2,3658.79,1673.32,11,Non,None
REC01503,16-05-2026,Marketplace,1019,64,78,38042.97,3225.29,3,1298.76,2025.1,17,Non,None
REC01020,2025/12/06,Marketplace,1242,63,84,33208.03,4020.9,5,1975.1,2235.82,16,Non,None
REC01533,2026-05-26,Marketplace,980,62,82,37305.58,2856.87,4,2040.15,1477.67,17,Non,None
REC01488,2026/05/11,Marketplace,978,49,69,31992.58,2612.46,3,1904.41,1556.55,18,Non,None
REC00680,2025/08/15,App,3116,149,196,67322.27,9868.85,10,3481.32,5336.55,56,Oui,Summer Sale
REC00450,30/05/2025,Marketplace,1093,54,70,32148.02,0.0,3,1432.51,1832.76,13,Non,None
REC00637,2025-08-01,Web,2791,85,110,45107.78,2045.83,2,818.93,6273.34,22,Non,None
REC00886,23/10/2025,Web,2850,83,120,45848.23,4029.09,1,483.1,4862.18,22,Non,None
REC01435,24-04-2026,Web,2504,92,137,51692.86,7390.41,4,1839.02,5199.29,25,Non,None
REC00741,2025-09-04,Marketplace,944,56,75,33028.95,4511.35,3,1718.54,2228.04,24,Oui,Back to School
REC01266,26/02/2026,Marketplace,833,42,58,27008.27,1347.51,2,982.62,1548.33,18,Non,None
REC01157,2026-01-21,App,1734,65,85,31595.13,896.63,1,350.42,3620.11,20,Non,None
REC00838,07/10/2025,Web,2883,88,131,51330.48,5000.02,4,2087.98,5843.52,35,Non,None
REC01094,31/12/2025,App,3249,170,242,77566.43,5926.97,11,3768.75,6524.96,74,Oui,Year End
REC01204,2026/02/06,Web,2016,48,68,26234.74,3764.6,2,902.7,5738.14,19,Non,None
REC01685,2026-07-16,App,2517,147,194,69318.02,9432.09,10,4605.17,5029.61,51,Oui,Summer Sale
REC00094,01/02/2025,Web,2443,86,130,47576.65,0.0,4,1670.23,3950.49,26,Non,None
REC00619,26-07-2025,Web,3011,109,141,56278.19,2092.74,6,2933.71,4456.45,44,Non,None
REC00933,2025-11-07,Marketplace,1211,70,82,40400.02,3757.88,3,1352.7,2349.06,25,Non,None
REC01808,2026/08/26,App,2038,85,136,45503.51,3425.68,3,1272.04,4351.3,30,Non,None
REC00460,2025/06/03,Web,2633,102,146,58624.34,4352.3,6,2548.06,6355.37,30,Non,None
REC00461,2025-06-03,App,1896,86,98,39922.04,1496.12,3,1141.23,5214.51,28,Non,None
REC00604,2025/07/21,Web,3314,143,194,78354.81,16747.78,9,3722.04,6842.86,43,Oui,Summer Sale
REC01620,2026/06/24,Marketplace,1185,58,83,38716.06,1353.72,5,2619.97,2078.85,14,Non,None
REC00842,08/10/2025,App,2210,70,96,29785.14,1874.07,3,1011.9,4651.02,25,Non,None
REC00239,21-03-2025,App,1736,69,88,29558.98,1554.99,3,946.76,4075.57,29,Non,None
REC01815,28-08-2026,Marketplace,1057,52,77,31400.95,3265.48,6,3023.56,1754.2,19,Non,None
REC01549,2026-06-01,Web,2593,83,129,49329.48,5488.0,3,1543.52,5926.9,20,Non,None
REC00067,23-01-2025,Web,2118,77,106,43725.76,5166.41,3,1460.86,5320.39,19,Non,None
REC01423,20-04-2026,Web,2829,60,79,32849.51,3944.83,4,2126.56,3245.76,26,Non,None
REC01014,04/12/2025,Marketplace,1294,61,93,38283.53,954.19,4,2005.19,2335.66,18,Non,None
REC00159,22-02-2025,Marketplace,1014,67,86,41924.76,2997.53,7,3827.28,1493.24,29,Non,None
REC00558,05/07/2025,Marketplace,1397,75,102,41118.9,2598.07,6,2867.77,2245.43,33,Non,None
REC00814,29/09/2025,Web,2449,73,105,40383.09,1299.25,4,2039.59,6444.61,17,Non,None
REC01653,2026-07-05,Marketplace,1166,60,71,34946.96,3290.84,4,2188.38,2048.44,25,Non,None
REC00775,16-09-2025,Web,2619,101,144,50987.53,5749.78,3,1389.1,5439.12,42,Non,None
REC00429,2025-05-23,Marketplace,983,34,43,21754.93,1682.77,2,1133.21,1707.16,13,Non,None
REC00611,23-07-2025,App,3148,176,256,84438.92,18229.84,5,2299.82,5098.68,62,Oui,Summer Sale
REC01313,2026-03-14,App,2738,131,185,62283.19,7624.1,4,1703.65,4586.51,40,Oui,Ramadan
REC01315,15-03-2026,Web,3484,126,170,70364.88,13600.49,5,2442.68,5187.6,36,Oui,Ramadan
REC01547,31-05-2026,App,2335,97,123,46315.74,177.48,5,2331.58,4270.29,33,Non,None
REC00392,2025/05/11,App,2621,103,128,50430.77,7059.81,6,2631.39,3882.44,24,Non,None
REC00262,29/03/2025,Web,3507,121,181,66994.85,2187.1,9,3813.7,5778.79,47,Non,None
REC00686,17/08/2025,App,3212,147,200,62320.2,10395.1,5,1715.01,5375.99,39,Oui,Summer Sale
REC00206,10/03/2025,App,2362,115,172,52982.03,16218.47,5,1895.13,4655.08,28,Oui,Ramadan
REC01244,2026/02/19,App,1694,58,78,29139.47,1470.12,4,1819.02,3113.4,24,Non,None
REC00687,17-08-2025,Marketplace,1508,95,125,58717.8,6411.41,6,3192.63,2780.15,32,Oui,Summer Sale
REC00096,2025/02/01,Marketplace,899,44,63,27777.53,1610.48,2,1032.04,1917.73,18,Non,None
REC00085,2025-01-29,Web,1881,61,84,36750.66,5354.3,1,540.66,5123.26,18,Non,None
REC00210,11/03/2025,Marketplace,1332,92,115,57293.92,9991.47,4,2034.11,2106.19,30,Oui,Ramadan
REC00829,2025-10-04,Web,2692,103,134,54788.17,2396.95,5,2278.63,6893.13,45,Non,None
REC00940,2025/11/10,Web,3213,109,154,55007.9,3843.89,4,1574.9,7172.65,45,Non,None
REC01525,2026-05-24,Web,2710,106,125,63722.1,2443.87,5,2886.76,5700.49,47,Non,None
REC00499,16-06-2025,Web,2490,90,131,55583.42,3639.96,4,1939.05,6394.01,39,Non,None
REC00351,27-04-2025,Marketplace,1153,63,77,39291.05,1654.38,5,2608.64,1885.75,15,Non,None
REC00516,2025/06/21,Marketplace,1198,80,106,46923.87,5844.16,4,1975.65,1770.38,23,Non,None
REC00748,2025/09/07,Web,3851,112,148,60566.55,4394.02,6,2560.6,6893.26,39,Oui,Back to School
REC01407,14-04-2026,Marketplace,1074,58,75,33697.52,1980.92,4,1991.23,1578.13,22,Non,None
REC00770,14/09/2025,App,3055,124,152,50042.23,5088.57,3,1149.22,4837.25,54,Oui,Back to School
REC01672,2026/07/12,Web,4744,175,242,83783.52,11186.81,10,3618.5,6968.1,45,Oui,Summer Sale
REC01442,26/04/2026,App,2161,88,120,37523.15,5021.49,3,1164.41,3718.72,23,Non,None
REC00400,2025/05/14,Web,2765,103,139,58464.29,1723.15,4,1871.09,5716.8,44,Non,None
REC01477,2026-05-08,Web,2505,60,81,30238.69,3796.94,4,1703.25,5348.78,26,Non,None
REC01170,25/01/2026,Marketplace,1138,63,84,36493.48,2413.2,4,2237.45,1935.52,17,Non,None
REC00657,2025-08-07,Marketplace,1079,58,78,40187.38,4983.52,3,1720.42,2052.63,14,Non,None
REC00483,10-06-2025,Marketplace,1023,60,77,37604.26,3705.77,5,2341.27,1824.91,23,Non,None
REC00313,2025-04-15, Web ,2477,90,121,53824.92,6941.81,4,2249.46,6057.57,34,Non,None
REC00157,2025-02-22,Web,2837,96,123,52529.01,1508.88,7,3382.98,4544.76,41,Non,None
REC01360,2026/03/30,Web,2876,77,94,41472.78,4782.94,1,456.53,6514.24,33,Non,None
REC01717,2026-07-27,Web,2792,80,116,42456.32,0.0,5,2035.4,5732.16,27,Non,None
REC01781,2026-08-17,App,2450,112,157,51558.94,10376.73,5,2204.34,6017.7,32,Oui,Summer Sale
REC01535,27-05-2026,App,1889,72,95,31104.57,2753.04,1,385.26,3996.94,29,Non,None
REC01043,14-12-2025,App,2724,113,138,49951.67,5018.81,2,865.46,5128.7,49,Non,None
REC01152,2026/01/19,Marketplace,812,41,53,26377.53,1542.69,2,1137.76,1845.88,17,Non,None
REC01743,04-08-2026,Marketplace,910,40,53,24182.77,83.13,4,2311.64,1810.83,11,Non,None
REC00343,25-04-2025,Web,2661,112,136,65560.0,6048.18,4,2076.07,4210.48,33,Non,None
REC01818,29/08/2026,Marketplace,1060,56,77,29671.2,1721.49,2,767.66,2429.83,17,Non,None
REC00069,2025-01-23,Marketplace,876,44,60,26650.9,894.51,3,1419.96,1588.23,13,Non,None
REC00864,2025/10/15,Marketplace,941,59,79,31504.82,4228.49,2,945.86,2272.58,24,Non,None
REC00255,26-03-2025,Marketplace,961,46,63,30127.72,2837.71,3,1897.07,2061.09,19,Non,None
REC01580,2026/06/11,App,2339,87,117,37962.88,3170.32,4,1329.06,4322.57,36,Non,None
REC01257,2026-02-23,Marketplace,921,39,46,23997.04,267.06,3,1758.78,1615.94,14,Non,None
REC00950,13/11/2025,App,1874,92,119,42742.36,669.51,6,2069.27,5916.42,27,Non,None
REC01755,08-08-2026,Marketplace,1266,62,71,37233.59,5667.06,4,1849.53,1718.09,14,Non,None
REC01004,2025/12/01,App,2507,125,167,51284.63,1880.01,7,2695.88,5035.03,29,Non,None
REC01309,2026-03-13,Web,3184,126,173,70420.22,11118.62,5,2033.5,7011.4,30,Oui,Ramadan
REC00754,09/09/2025,Web,3143,144,213,78471.68,17801.21,3,1328.07,6519.03,61,Oui,Back to School
REC00395,12-05-2025,App,2201,77,105,36340.62,2559.56,3,1025.27,3338.77,26,Non,None
REC01390,09/04/2026,Web,2922,82,105,44283.05,2903.73,5,2320.09,6747.27,19,Non,None
REC00547,02-07-2025,Web,3127,103,145,56017.51,4473.48,3,1334.15,5281.73,35,Non,None
REC00661,2025-08-09,Web,3181,105,149,58248.23,0.0,3,1446.64,6304.72,40,Non,None
REC00805,2025-09-26,Web,2566,83,115,43494.12,4384.06,5,2107.08,5667.84,24,Non,None
REC00859,14-10-2025,Web,2902,70,95,41335.59,3127.68,1,546.27,6554.03,23,Non,None
REC00918,02/11/2025,Marketplace,1385,71,97,36260.33,4565.92,4,1684.27,2178.09,24,Non,None
REC00511,20-06-2025,Web,2469,76,100,43484.88,4246.35,5,2461.32,5791.47,21,Non,None
REC00716,2025/08/27,App,2060,85,121,40031.47,6540.26,6,2727.29,3511.16,22,Non,None
REC01304,2026/03/11,App,2526,114,149,52070.24,4160.77,3,,4582.84,43,Oui,Ramadan
REC00575,11-07-2025,App,2807,135,163,64820.96,11614.83,11,5174.44,5091.95,37,Oui,Summer Sale
REC01182,29/01/2026,Marketplace,745,46,57,30120.08,1572.59,3,1753.58,1393.53,20,Non,None
REC01346,25/03/2026,App,1833,81,109,40665.84,1053.95,5,1945.88,3375.31,34,Non,None
REC00724,2025/08/30,Web,3332,122,162,63132.82,4048.05,7,2875.55,6098.36,45,Non,None
REC01295,08-03-2026,App,2563,117,172,50974.18,11779.75,3,1227.19,5311.16,40,Oui,Ramadan
REC01402,13/04/2026,Web,2549,91,127,55246.78,4375.57,5,2536.78,4956.64,40,Non,None
REC00099,02-02-2025,Marketplace,913,54,80,34298.29,1443.4,4,2252.39,1326.21,16,Non,None
REC01687,17-07-2026,Web,3611,122,147,57867.61,14426.15,10,3541.59,7937.19,28,Oui,Summer Sale
REC00795,22-09-2025,Marketplace,904,45,59,28373.5,1272.41,2,1216.21,2051.08,14,Non,None
REC00411,17-05-2025,Marketplace,1188,64,93,37064.66,1522.15,2,978.48,1899.09,15,Non,None
REC00224,2025/03/16,App,2855,106,142,49190.22,13837.61,3,1130.86,4999.96,44,Oui,Ramadan
REC00865,2025-10-16,Web,3023,61,79,34836.75,2898.81,4,2008.49,6205.01,13,Non,None
REC00763,12-09-2025,Web,3137,110,149,63495.11,4123.8,3,1260.32,7836.23,26,Oui,Back to School
REC01555,03-06-2026,Web,2992,104,140,58058.16,3835.7,3,1256.15,5020.49,45,Non,None
REC00228,2025/03/17,Marketplace,1113,73,100,45691.44,8424.59,3,1605.19,2398.48,18,Oui,Ramadan
REC01398,11/04/2026,Marketplace ,915,57,67,31463.72,445.25,3,1376.16,1791.16,21,Non,None
REC01564,2026/06/06,Web,2691,93,123,49717.94,5605.27,6,2851.27,5892.41,34,Non,None
REC01612,2026/06/22,Web,2610,85,124,50325.48,6455.82,5,2273.04,5824.38,33,Non,None
REC01070,23/12/2025,App,2995,120,138,50955.35,10902.67,8,3011.72,6402.83,43,Oui,Year End
REC01019,06-12-2025,App,2808,108,145,54526.88,4577.92,5,1998.86,5950.98,27,Non,None
REC01177,2026-01-28,Web,2231,60,74,33194.37,99.93,2,828.86,4277.4,21,Non,None
REC01361,2026-03-30,App,2088,94,137,46224.36,4000.6,4,1603.15,4613.18,27,Non,None
REC00464,2025/06/04,App,2050,72,85,33381.75,2313.91,3,1072.04,4639.18,17,Non,None
REC01285,2026-03-05,Web,3082,118,161,71500.34,2473.54,3,1554.79,5934.29,49,Oui,Ramadan
REC01183,30-01-2026,Web,2741,98,133,55343.12,7546.88,7,3613.89,4453.95,42,Non,None
REC01776,2026/08/15,Marketplace,1214,90,133,53872.47,17582.23,8,4371.89,2283.56,28,Oui,Summer Sale
REC00768,2025/09/13,Marketplace,1287,83,96,48924.25,10874.07,3,1391.41,2498.69,26,Oui,Back to School
REC01172,2026/01/26,App,1697,56,72,24533.02,2770.42,2,812.46,4233.62,16,Non,None
REC01319,16-03-2026,App,2511,128,171,57607.07,13199.52,8,3219.75,5886.42,38,Oui,Ramadan
REC00364,2025/05/02,Web,2620,82,107,44262.67,584.46,3,1473.31,5625.72,30,Non,None
REC01042,14/12/2025,Web,3694,97,125,50810.33,1252.66,7,3043.92,7690.38,39,Non,None
REC00714,26/08/2025,Marketplace,1064,47,56,28744.59,377.01,4,2378.77,1715.87,20,Non,None
REC00058,20/01/2025,Web,2176,73,102,42097.96,1777.45,4,2198.66,4900.24,32,Non,None
REC00976,2025/11/22,Web,4655,154,218,76202.78,15775.94,7,2543.44,8132.44,65,Oui,Black Friday
REC01526,24/05/2026,App,1785,71,106,34816.4,3716.59,4,1683.19,3874.72,25,Non,None
REC01173,2026-01-26,Marketplace,895,36,46,23855.47,0.0,3,1651.19,1695.94,10,Non,None
REC00925,2025-11-05,Web,3652,151,218,80379.28,6615.57,9,4231.91,7522.62,63,Non,None
REC00809,2025-09-27,App,2620,118,153,59218.47,3179.68,6,2516.62,3637.29,26,Non,None
REC01483,10-05-2026,Web,3294,114,154,73841.12,7024.98,5,2496.16,5542.28,25,Non,None
REC01594,16/06/2026,Web,2389,87,118,50887.59,1247.89,2,1125.64,5499.87,30,Non,None
REC00682,16/08/2025,Web,4171,141,192,76357.46,9759.79,10,4939.06,7347.23,55,Oui,Summer Sale
REC00666,10/08/2025,Marketplace,1725,82,99,54504.83,7374.62,6,3297.34,,31,Oui,Summer Sale
REC00551,03-07-2025,App,2224,101,151,47018.71,2021.49,5,2040.23,5018.88,37,Non,None
REC01494,13/05/2026,Marketplace,1191,54,68,32600.0,2082.08,2,,1639.18,18,Non,None
REC00050,17/01/2025,App,1675,66,96,29150.1,3688.18,5,2062.17,3184.43,28,Non,None
REC01145,2026-01-17,App,2380,104,158,45429.97,1633.57,9,3155.18,3381.91,40,Non,None
REC00577,2025-07-12,Web,4283,188,251,104254.79,23037.56,13,5334.54,6526.43,58,Oui,Summer Sale
REC00078,26/01/2025,Marketplace,913,47,65,26381.69,1256.3,4,1742.07,1593.72,12,Non,None
REC00083,28-01-2025,APP ,1533,55,74,24105.56,581.04,2,655.81,2990.08,13,Non,None
REC01527,24-05-2026,Marketplace,1130,61,86,33275.22,744.47,5,2070.37,1916.0,18,Non,None
REC00677,2025-08-14,App,2275,108,143,45220.01,10049.58,5,1980.6,4239.15,46,Oui,Summer Sale
REC00101,2025-02-03,App,1528,67,96,29195.75,2422.12,4,1691.1,4329.95,15,Non,None
REC00285,2025-04-05,Marketplace,1106,55,73,34250.94,5722.45,3,1735.74,1774.32,19,Non,None
REC00068,2025/01/23,App,1914,110,154,52134.87,5452.44,4,1682.24,4223.94,43,Non,None
REC01262,25/02/2026,App,2029,73,105,39494.96,2132.96,3,1549.49,3480.57,21,Non,None
REC00086,29/01/2025,App,1717,72,102,34445.74,3270.29,2,801.5,3205.09,32,Non,None
REC01599,17-06-2026,Marketplace,1061,48,68,29509.49,3203.66,2,909.6,1840.0,20,Non,None
REC01197,2026-02-03,Marketplace,782,54,74,28492.82,2272.18,3,1458.14,1283.35,24,Non,None
REC00344,2025/04/25,App,1913,89,126,41655.77,3193.33,4,1525.58,4175.93,33,Non,None
REC01248,2026/02/20,Marketplace,704,53,75,35801.36,1710.95,3,1874.19,1556.47,19,Non,None
REC00620,2025/07/26,App,2393,81,112,43966.03,118.82,4,1645.3,5366.15,34,Non,None
REC00974,21/11/2025,App,2709,118,161,54837.28,9819.17,3,1056.89,6251.63,43,Oui,Black Friday
REC01822,31/08/2026,Web,2226,50,65,28342.69,2577.03,2,820.37,5782.86,12,Non,None
REC01734,01/08/2026,Marketplace,1227,81,119,45518.47,2827.37,5,2699.87,2156.57,25,Non,None
REC00379,07-05-2025,Web,2486,81,112,43961.36,2166.29,4,2119.04,6080.93,19,Non,None
REC01723,29-07-2026,Web,3235,98,135,61778.84,858.76,5,2415.8,5065.43,38,Non,None
REC00703,23-08-2025,Web,2992,95,128,51003.23,9834.27,0,0.0,7475.9,30,Oui,Summer Sale
REC00958,16/11/2025,Web,3771,141,204,74060.41,3990.2,8,3678.19,6316.94,56,Non,None
REC01524,2026/05/23,Marketplace,1087,67,86,42198.44,4423.22,6,3398.22,2098.34,19,Non,None
REC00523,24-06-2025,Web,2943,84,127,44168.15,3499.26,5,2499.17,6139.37,31,Non,None
REC00382,08/05/2025,Web,2771,106,148,56947.37,741.91,6,2635.0,5230.41,28,Non,None
REC01339,23-03-2026,Web,3202,110,135,54943.71,770.44,5,2021.93,4855.37,31,Non,None
REC00198,07/03/2025,Marketplace,1036,65,82,38765.78,11876.2,4,1725.05,1928.17,18,Oui,Ramadan
REC00841,2025-10-08,Web,3173,82,109,45777.97,5856.37,4,1826.77,4571.87,19,Non,None
REC01587,13-06-2026,Marketplace,1116,58,77,35922.01,2325.05,3,1628.28,1815.75,20,Non,None
REC00599,19-07-2025,App,2998,121,163,57153.51,12710.92,5,2174.12,5431.97,51,Oui,Summer Sale
REC00178,01/03/2025,Web,2824,95,117,53083.4,3539.92,5,2366.8,6047.65,31,Non,None
REC01409,2026-04-15,App,1918,62,73,27755.77,779.96,4,1292.62,2944.98,20,Non,None
REC00654,06/08/2025,Marketplace,986,52,68,32026.34,6562.68,2,1159.51,1847.46,14,Non,None
REC00312,2025/04/14,Marketplace,,40,52,24714.29,627.33,3,1582.47,1546.41,9,Non,None
REC01085,2025-12-28,App,3579,191,246,82730.54,7321.69,1,407.7,6057.64,84,Oui,Year End
REC01047,15-12-2025,Marketplace,1571,79,107,49768.75,8624.63,5,3011.08,2902.48,31,Oui,Year End
REC00733,2025-09-02,Web,3402,131,181,66957.04,5910.77,4,1968.14,5973.12,39,Oui,Back to School
REC00300,2025/04/10,Marketplace,963,54,76,33759.99,1448.68,4,1895.48,1435.98,17,Non,None
REC01811,27-08-2026,App,2372,106,146,54357.68,3163.14,3,1454.47,4197.81,33,Non,None
REC00537,2025-06-28,Marketplace,999,52,69,33229.6,2673.96,3,1382.45,1998.77,12,Non,None
REC00957,2025-11-15,Marketplace,1376,77,108,47181.5,1303.3,5,2453.6,2213.32,25,Non,None
REC00919,03-11-2025,Web,2360,64,94,36895.1,3680.95,3,1643.21,6757.75,17,Non,None
REC00786,19/09/2025,Marketplace,980,47,60,28495.66,1297.42,3,1416.97,2230.6,21,Non,None
REC01496,2026/05/14,App,6252,246,323,126840.13,9009.89,6,7679.49,3751.44,24,Non,None
REC01092,2025/12/30,Marketplace,1323,78,111,53584.7,10408.63,5,3198.09,3138.54,34,Oui,Year End
REC00771,14-09-2025,Marketplace,1377,80,111,48138.63,7263.95,5,2443.22,2378.73,34,Oui,Back to School
REC00737,2025-09-03,App,2460,103,141,46705.91,12309.67,4,1318.52,4866.06,44,Oui,Back to School
REC01756,2026/08/09,Web,,101,144,59123.09,7472.07,3,1265.07,5657.81,36,Non,None
REC01556,2026/06/03,App,1545,68,94,32211.34,1493.79,4,1469.38,3823.86,20,Non,None
REC00258,27/03/2025,Marketplace,1152,84,113,49179.85,5025.01,6,3035.81,1525.63,19,Non,None
REC01651,05-07-2026,Web,2866,107,156,60484.75,1428.85,3,1339.99,6115.1,39,Non,None
REC00985,2025-11-25,Web,4021,154,226,79279.4,19106.78,12,4756.89,7754.27,35,Oui,Black Friday
REC00591,16-07-2025,Marketplace,1352,81,116,46964.68,1833.16,8,3547.0,2098.31,35,Oui,Summer Sale
REC00267,30-03-2025,Marketplace,1272,45,63,27326.11,3299.09,3,1761.86,1804.57,14,Non,None
REC01318,16/03/2026,Web,2986,97,131,52217.73,11287.37,4,2039.15,5574.67,23,Oui,Ramadan
REC00589,2025-07-16,Web,3534,151,194,74491.05,21885.46,9,3893.85,-1400.0,,Oui,Summer Sale
REC01150,19/01/2026,Web,2458,55,72,31785.53,4237.52,3,1337.96,3844.4,24,Non,None
REC00871,18-10-2025,Web,3605,101,136,57324.76,3369.63,5,2059.24,4902.83,41,Non,None
REC01156,2026/01/21,Web,2317,53,68,27929.67,0.0,2,1020.38,4943.65,22,Non,None
REC00852,2025/10/11,Marketplace,1233,63,84,38344.15,3673.13,3,1405.96,2493.11,23,Non,None
REC01800,2026/08/23,Marketplace,1481,87,114,52215.97,6454.23,7,3342.67,2233.31,34,Oui,Summer Sale
REC00828,2025/10/03,Marketplace,931,44,62,32202.64,3047.44,3,1654.98,1906.54,13,Non,None
REC01786,19/08/2026,Web,3667,167,226,86884.28,5312.75,11,4289.54,6531.33,38,Oui,Summer Sale
REC01641,2026-07-01,Marketplace,902,43,60,25213.81,2833.85,3,1524.34,2118.99,14,Non,None
REC01211,08-02-2026,App,1739,78,109,34369.81,3201.38,1,411.36,2942.59,29,Non,None
REC01040,2025/12/13,App,2884,101,124,47802.88,1485.9,5,2114.58,5294.05,37,Non,None
REC01712,2026/07/25,App,2781,132,188,59549.87,10438.85,10,4163.86,5224.16,49,Oui,Summer Sale
REC00322,18/04/2025,Web,2860,91,122,55029.16,4457.49,4,2029.47,4925.04,21,Non,None
REC00373,2025-05-05,Web,2583,84,116,43350.25,3630.48,4,1991.13,5131.98,27,Non,None
REC01418,18/04/2026,App,2138,79,99,32913.99,2381.46,1,368.51,4552.98,23,Non,None
REC00042,14/01/2025,Marketplace,846,54,63,31283.86,2740.99,4,1711.89,1552.06,24,Non,
REC00750,07/09/2025,Marketplace,1331,85,104,48829.83,9582.18,6,2530.65,2021.41,21,Oui,Back to School
REC01706,23/07/2026,App,2193,112,149,47330.46,11412.12,1,412.05,5587.16,42,Oui,Summer Sale
REC00347,26-04-2025,App,2183,66,90,31917.08,3745.94,2,834.58,3951.22,20,Non,None
REC00909,2025-10-30,Marketplace,1196,73,107,43501.62,4383.0,3,1743.4,2078.47,24,Non,None
REC00846,09/10/2025,Marketplace,1309,54,81,32500.69,4122.94,3,1448.6,2166.61,18,Non,None
REC00018,06/01/2025,Marketplace,858,38,58,24222.91,1817.87,2,992.04,1678.43,11,Non,None
REC00156,2025/02/21,Marketplace,873,47,57,27039.24,2316.95,3,1417.95,1557.7,20,Non,None
REC01820,2026/08/30,App,2227,69,89,34054.27,2654.83,2,855.57,3962.0,25,Non,None
REC01787,19-08-2026,App,,130,180,52624.53,6507.39,7,2499.07,4569.25,55,Oui,Summer Sale
REC01565,2026-06-06,App,2479,72,92,34133.15,2603.58,5,1982.21,4042.03,23,Non,None
REC01779,16-08-2026,Marketplace,1283,92,106,57734.37,8226.64,5,2272.2,2331.15,30,Oui,Summer Sale
REC00289,2025-04-07,Web,2542,92,112,57036.3,6723.86,7,3628.66,4988.37,31,Non,None
REC01708,2026/07/24,Web,4506,165,242,90622.37,7076.1,9,4650.58,7361.5,62,Oui,Summer Sale
REC00152,2025/02/20,App,1712,77,104,37511.53,4162.29,3,1351.55,3002.46,25,Non,None
REC00108,2025/02/05,Marketplace,982,58,78,34339.67,4657.93,4,1782.73,1828.68,14,Non,None
REC01302,10/03/2026,Marketplace,1291,71,91,41302.61,4533.73,5,2190.95,2280.59,23,Oui,Ramadan
REC00949,2025-11-13,Web,4121,166,230,94788.96,9230.85,6,2590.98,6191.61,43,Non,None
REC00675,13-08-2025,Marketplace,1552,89,112,51571.93,2992.36,5,2528.95,2215.25,31,Oui,Summer Sale
REC00272,2025/04/01,App,1675,68,85,35901.27,709.04,4,1871.94,3742.97,16,Non,None
REC00167,25-02-2025,App,2019,95,135,45276.51,3498.13,5,2229.84,3005.99,34,Non,None
REC01748,2026/08/06,App,2363,76,102,36549.28,3797.35,4,1503.69,4258.97,21,Non,None
REC00555,04-07-2025,Marketplace,1150,60,83,38792.85,5993.29,5,2826.28,2049.72,17,Non,None
REC00002,01/01/2025,App,1989,111,152,56170.06,346.57,1,369.89,3623.92,31,Non,None
REC00471,06-06-2025,Marketplace,1031,52,72,27876.87,2103.62,4,1688.88,1921.47,19,Non,None
REC01381,2026-04-06,Web,2767,66,84,38327.59,2209.52,4,2024.29,4779.22,21,Non,None
REC00215,13-03-2025,App,2443,99,146,46097.84,8804.2,2,828.36,4771.0,23,Oui,Ramadan
REC01724,2026/07/29,App,2224,85,125,37128.64,1007.99,3,1084.06,4913.76,28,Non,None
REC00858,13/10/2025,Marketplace,914,48,67,31612.5,4691.07,4,2109.35,1882.08,13,Non,None
REC00315,15-04-2025,Marketplace,1131,62,85,38438.61,180.33,5,2261.71,1667.99,14,Non,None
REC01586,13/06/2026,App,2335,87,109,43463.6,2983.66,0,0.0,4051.7,29,Non,None
REC01480,2026/05/09,Web,3020,99,137,60507.65,6622.2,8,3596.34,5847.56,41,Non,None
REC01343,24-03-2026,App,2234,95,137,43584.49,3665.22,4,1375.0,4330.37,29,Non,None
REC01415,17-04-2026,App,1844,80,104,37521.8,773.06,1,346.22,3785.07,23,Non,None
REC00685,2025-08-17,Web,4333,127,174,72257.41,22284.6,1,484.26,5633.85,38,Oui,Summer Sale
REC00641,2025-08-02,App,2484,101,141,49207.44,5570.41,6,2752.27,5282.16,30,Non,None
REC01657,2026-07-07,Web,2996,75,98,42367.17,3486.73,4,2107.23,6328.79,18,Non,None
REC00492,2025/06/13,Marketplace,1022,51,62,32484.69,1792.87,2,994.22,1692.79,22,Non,None
REC01344,2026/03/24,Marketplace,1108,59,81,33934.17,3002.02,4,1688.19,,23,Non,None
REC01119,08-01-2026,Marketplace,924,44,57,27621.26,1245.04,3,1668.69,1578.25,11,Non,None
REC00664,2025/08/10,Web,3864,141,190,78859.95,10404.9,4,2090.97,6929.47,44,Oui,Summer Sale
REC01462,03/05/2026,Web,3007,76,106,38678.16,2843.98,4,1506.97,5537.85,20,Non,None
REC01516,2026/05/21,Web,2504,90,119,53353.68,7070.29,4,2252.25,5531.57,31,Non,None
REC01665,2026-07-09,Marketplace,1137,61,85,39574.94,4970.86,5,2527.53,2351.61,27,Non,None
REC01460,2026/05/02,App,2465,111,150,51762.06,2918.7,4,1538.91,4299.19,45,Non,None
REC00945,2025-11-11,Marketplace,1488,66,87,39299.31,3529.03,5,2725.57,2105.74,22,Non,None
REC00060,2025/01/20,Marketplace,634,37,49,20046.84,1367.12,2,989.81,1254.83,15,Non,None
REC01671,11-07-2026,Marketplace,1268,93,130,54684.33,6956.02,6,2978.43,2122.0,24,Oui,Summer Sale
REC01209,2026-02-07,Marketplace,977,47,66,31329.19,1913.09,3,1629.02,1557.34,18,Non,None
REC00905,2025-10-29,App,2315,85,112,42181.03,5184.96,0,0.0,4808.35,35,Non,None
REC01171,26-01-2026,Web,2280,78,112,43686.46,3003.64,4,1770.58,5010.98,19,Non,None
REC01429,2026-04-22,Web,2873,91,122,50801.89,1209.35,6,3245.71,6350.62,32,Non,None
REC01807,26-08-2026,Web,2861,76,104,43584.85,211.37,4,1966.83,5523.4,23,Non,None
REC00046,16/01/2025,Web,2670,92,118,50543.49,3808.14,5,2105.97,4512.86,23,Non,None
REC00268,2025/03/31,WEB,2025,53,78,30424.65,0.0,4,1992.15,6615.66,19,Non,None
REC00917,2025-11-02,App,2496,85,123,38236.13,2212.73,6,2148.04,5447.14,29,Non,None
REC01506,17/05/2026,Marketplace,1187,65,82,43363.32,7013.43,4,2382.03,1609.51,20,Non,None
REC00839,07-10-2025,App,2057,70,95,32613.54,2746.05,6,2524.26,3690.84,25,Non,None
REC01229,2026-02-14,App,1980,92,120,39287.3,2687.68,2,740.93,3786.44,37,Non,None
REC01138,15/01/2026,Web,2703,75,103,38606.84,2709.37,6,2277.45,4502.75,32,Non,None
REC00139,16-02-2025,Web,2445,88,118,54755.01,5786.34,4,1944.19,4325.5,25,Non,None
REC01539,28-05-2026,Marketplace,1096,55,79,34543.32,2162.31,4,2124.61,1767.43,17,Non,None
REC01274,01/03/2026,App,1983,84,111,40530.03,3240.8,5,1828.4,4949.78,34,Non,None
REC00717,2025-08-27,Marketplace,984,49,74,27286.37,2020.13,1,458.11,1900.8,19,Non,None
REC01411,16-04-2026,Web,2586,84,125,45727.66,3569.63,4,2002.15,4792.51,34,Non,None
REC01371,02-04-2026,Marketplace,967,50,67,33878.54,2771.47,3,1547.94,1740.73,11,Non,None
REC01412,2026/04/16,App,1754,63,86,31326.02,3054.52,3,1180.21,3458.21,15,Non,None
REC00598,19/07/2025,Web,3541,117,166,62938.29,7467.91,4,1976.76,7749.3,51,Oui,Summer Sale
REC01582,12/06/2026, Web ,2997,106,145,60625.66,5785.06,8,4330.89,6185.27,25,Non,None
REC00530,26/06/2025,App,2187,89,124,45119.52,2185.71,4,1551.4,3791.42,30,Non,None
REC01426,21/04/2026,Web,1920,54,72,30969.58,2034.06,4,1950.65,5697.56,22,Non,None
REC01033,2025-12-11,Web,4559,175,249,93035.09,4920.92,8,3171.23,8038.81,44,Non,None
REC01054,18/12/2025,Web,3766,121,160,67422.66,20302.47,8,3224.89,8622.82,29,Oui,Year End
REC00824,2025/10/02,App,2260,86,116,42574.85,5112.58,5,2133.49,3654.77,36,Non,None
REC00220,2025/03/15,Web,3124,99,132,47603.43,8573.12,8,3438.42,6596.93,22,Oui,Ramadan
REC01680,2026/07/14,Marketplace,1051,77,100,45805.02,6304.91,7,3451.38,2458.6,20,Oui,Summer Sale
REC01536,2026/05/27,Marketplace,1046,55,68,31552.7,2565.59,3,1498.71,2012.17,17,Non,None
REC00148,2025/02/19,Web,2426,85,122,47095.08,6760.46,5,2461.13,4363.87,36,Non,None
REC01803,24-08-2026,Marketplace,1346,100,145,54666.92,9206.72,6,2936.26,2321.52,38,Oui,Summer Sale
REC00543,30-06-2025,Marketplace,1009,45,60,24833.03,1956.84,3,1343.0,1908.61,14,Non,None
REC01792,2026/08/21,Web,3634,139,204,85424.62,19423.97,8,4218.25,6981.87,61,Oui,Summer Sale
REC00553,2025-07-04,Web,2936,99,124,57658.12,2429.44,4,2280.67,4884.7,25,Non,None
REC01722,28/07/2026,Marketplace,932,40,57,25093.46,1152.23,4,1814.47,1926.89,11,Non,None
REC01113,2026-01-06,Marketplace,1000,67,91,37525.32,3264.33,3,1525.08,1293.23,16,Non,None
REC01162,23/01/2026,Web,2714,115,151,66370.27,2700.22,2,948.99,5353.63,45,Non,None
REC00679,15-08-2025,Web,3855,113,165,59557.87,6553.59,3,1463.86,6726.6,27,Oui,Summer Sale
REC00952,2025/11/14,Web,3075,119,153,61820.36,487.71,6,2485.45,6801.53,28,Non,None
REC00366,02/05/2025,Marketplace,897,29,43,20141.87,2381.41,2,1326.32,1422.31,11,Non,None
REC01264,2026/02/26,Web,2205,51,75,28915.16,1824.58,2,887.47,4554.31,17,Non,None
REC01471,06-05-2026,Web,2767,62,82,38399.61,1502.69,5,2919.15,4187.65,24,Non,None
REC01294,08/03/2026,Web,2626,97,127,53658.14,9205.45,4,1800.82,6783.29,39,Oui,Ramadan
REC01439,25-04-2026,App,2117,98,132,44716.93,286.97,7,2904.61,4430.22,29,Non,
REC00595,18-07-2025,Web,3905,148,202,77199.88,18671.7,7,3060.52,7951.74,41,Oui,Summer Sale
REC01283,04-03-2026,App,1821,68,88,36191.23,3821.97,5,2277.34,3308.88,18,Non,None
REC00908,2025/10/30,App,1986,81,116,39763.38,3758.83,4,1812.52,3938.82,24,Non,None
REC01167,24-01-2026,Marketplace,1006,61,85,38960.2,0.0,3,1527.03,1569.43,14,Non,None
REC01000,2025/11/30,Web,4116,130,183,74775.7,17227.1,9,4110.74,7465.18,51,Oui,Black Friday
REC01230,14/02/2026,Marketplace,989,55,77,35462.89,0.0,3,1685.39,1867.66,13,Non,None
REC00923,04-11-2025,App,2646,120,172,56017.1,0.0,6,2327.91,4642.6,30,Non,None
REC00362,01/05/2025,App,154,4,4,2412.31,63.26,3,1380.75,4426.81,32,Non,None
REC01207,07-02-2026,Web,2275,87,107,51166.4,3695.34,5,2362.88,4000.34,37,Non,None
REC00718,28/08/2025,Web,2776,100,142,53010.17,1752.82,3,1509.94,6811.04,43,oui,None
REC00438,26/05/2025,Marketplace,1086,61,81,41146.74,5611.65,5,3220.49,1884.78,16,Non,None
REC01557,2026-06-03,Marketplace,1097,70,85,40416.9,2747.79,6,2663.7,2023.94,21,Non,None
REC01408,2026/04/15,Web,2380,57,82,34369.41,4350.77,3,1584.5,5365.41,17,Non,None
REC01011,03-12-2025,Marketplace,1258,89,121,57679.76,4477.18,5,2755.66,2764.05,23,Non,None
REC01214,09/02/2026,App,1720,71,93,32197.44,1326.62,4,1696.52,3346.77,29,Non ,None
REC01195,03-02-2026,Web,2201,79,101,45207.69,2477.11,2,887.37,,23,Non,None
REC01219,11-02-2026,Web,2376,80,109,43536.76,2683.75,5,2369.95,4560.7,34,Non,None
REC00104,2025/02/04,App,1688,51,67,23013.82,2449.7,3,1096.1,3060.29,22,Non,None
REC01259,24-02-2026,App,1820,59,80,25940.15,669.45,3,1074.4,2874.38,22,Non,None
REC00164,2025/02/24,App,1467,64,86,28841.15,2836.49,1,362.67,3531.99,27,Non,None
REC00357,2025-04-29,Marketplace,869,45,61,27616.72,370.04,3,1496.58,1916.78,11,Non,None
REC00550,03/07/2025,Web,2870,98,146,54280.65,4394.2,5,2317.19,,43,Non,None
REC00149,2025-02-19,App,1908,83,107,40984.43,1402.21,6,2559.23,3570.52,21,Non,None
REC00470,06/06/2025,App,2112,84,111,38776.27,2907.53,3,1253.07,4000.46,27,Non,None
REC01227,13-02-2026,Marketplace,765,30,36,18103.25,1609.63,2,1057.15,1678.69,11,Non,None
REC00376,2025/05/06,Web,2763,80,92,49885.94,2289.71,2,1145.28,4701.13,30,Non,None
REC01701,2026-07-21,Marketplace,1392,81,106,44469.7,5068.71,6,2464.86,2160.28,22,Oui,Summer Sale
REC00681,2025-08-15,Marketplace,1393,97,123,61124.8,10182.35,3,1527.81,2403.58,36,Oui,Summer Sale
REC01142,16/01/2026,App,1823,70,90,31751.92,4297.92,5,1719.16,4051.69,18,Non,None
REC00374,05/05/2025,App,1913,78,100,30525.4,1043.25,3,1064.22,3776.53,29,Non,None
REC00479,09-06-2025,App,2154,83,114,36299.0,2993.44,3,992.63,3911.19,30,Non,None
REC01328,2026/03/19,App,2354,126,177,52347.7,8870.28,2,743.99,4449.26,51,Oui,Ramadan
REC00165,2025-02-24,Marketplace,866,45,59,28981.41,297.76,3,1479.31,1223.01,18,Non,None
REC01470,05/05/2026,Marketplace,1025,52,72,32138.28,3191.37,5,3021.42,1884.81,22,Non,None
REC01277,2026-03-02,App,1935,76,95,36172.22,2818.2,3,1372.9,3778.42,33,Non,None
REC00568,2025/07/09,Web,3396,94,133,51734.28,613.86,6,2971.89,6041.9,31,Non,None
REC00834,05/10/2025,Marketplace,1362,80,114,50667.1,2051.07,7,3718.72,2127.7,34,Non,None
REC00218,14/03/2025,App,2488,127,169,57547.8,7673.56,6,2650.52,4301.81,44,Oui,Ramadan
REC00089,2025-01-30,App,1708,73,89,29212.04,1907.55,3,880.21,4445.47,24,Non,None
REC01558,04/06/2026,Web,3110,69,100,40895.37,4871.46,5,2811.45,5816.68,16,Non,None
REC01432,2026/04/23,Web,2541,81,98,37677.91,3850.63,4,1701.01,5489.03,31,Non,None
REC01334,21/03/2026,App,2594,87,113,36626.45,2441.73,1,389.39,4869.2,37,Non,None
REC00115,08-02-2025,Web,2306,80,110,49999.86,2392.1,4,1898.55,4344.02,26,Non,None
REC01616,2026/06/23,App,1708,43,58,18145.79,1834.83,1,388.69,3928.29,17,Non,None
REC00883,22-10-2025,Web,2511,69,81,34699.2,1265.42,4,1451.05,5369.91,24,Non,None
REC00208,2025/03/11,Web,3223,115,172,61235.39,6502.03,9,3660.5,5401.83,30,Oui,Ramadan
REC01368,2026/04/01,Marketplace,1007,53,77,33419.21,1868.46,3,1643.22,1267.9,17,Non,None
REC00821,2025-10-01,App,2045,81,106,41267.76,2015.7,2,841.02,3742.88,27,Non,None
REC01583,12-06-2026,App,2372,94,123,46333.33,5052.57,0,0.0,4683.7,28,Non,None
REC01434,23/04/2026,Marketplace,1034,54,76,35201.28,4464.8,3,1789.09,1943.39,15,Non,None
REC01438,25/04/2026,Web,2788,95,118,57607.17,1564.29,2,1024.52,5430.16,34,Non,None
REC01596,2026/06/16,Marketplace,1063,51,78,30937.34,1886.37,2,1016.77,1724.39,14,Non,None
REC01405,2026-04-14,Web,2682,116,158,66220.79,5411.07,5,2100.26,5606.32,30,Non,None
REC01351,27-03-2026,Web,2800,95,127,56801.77,927.55,3,1333.03,4585.91,35,Non,None
REC01627,27-06-2026,Web,3357,95,125,54316.83,9584.27,4,2088.23,5799.93,37,Non,None
REC00982,24/11/2025,Web,3689,135,170,69951.32,7764.95,10,4046.64,8080.53,50,Oui,Black Friday
REC01347,25-03-2026,Marketplace,976,47,63,28305.62,1041.11,3,1590.15,1818.26,12,Non,None
REC00880,2025/10/21,Web,3127,106,147,55616.56,1834.92,7,2715.29,6769.45,26,Non,None
REC00144,2025/02/17,Marketplace,766,44,56,24330.63,3027.12,4,2027.52,1818.97,10,Non,None
REC01545,2026-05-30,Marketplace,966,47,63,27258.65,515.86,3,1537.06,1719.41,20,Non,None
REC00500,2025/06/16,App,2205,89,121,41075.41,2508.37,4,1416.84,4532.26,23,Non,None
REC00503,17-06-2025,App,1626,71,99,27317.5,2809.47,5,1876.2,3607.47,16,Non,None
REC01551,01-06-2026,Marketplace,992,55,70,32986.16,3092.35,3,1316.87,2007.49,18,Non,None
REC00277,2025-04-03,Web,2636,75,105,45652.81,4244.65,3,1354.12,6004.87,31,Non,None
REC01397,2026-04-11,App,2362,108,139,42613.53,4054.64,3,1135.15,2520.89,33,Non,None
REC01084,2025/12/28,Web,4677,188,256,97843.06,18133.75,8,3009.16,8597.19,54,Oui,Year End
REC00847,10-10-2025,Web,3488,85,119,50924.55,2278.2,5,2913.27,5180.49,23,Non,None
REC00248,2025/03/24,App,2134,96,135,48210.82,1711.13,3,1455.49,4696.4,31,Non,None
REC01052,2025/12/17,App,3005,154,203,67621.82,8181.94,8,3197.85,5838.78,51,Oui,Year End
REC00996,2025/11/28,Marketplace,1465,107,155,70577.15,14178.42,8,5156.77,2471.3,27,Oui,Black Friday
REC00914,01/11/2025,App,3038,136,189,64064.18,3561.67,6,2690.73,4762.18,33,Non,None
REC01576,2026/06/10,Web,2634,94,141,50874.3,3626.55,4,1895.6,5723.14,29,Non,None
REC01287,05-03-2026,Marketplace,1085,60,87,35012.35,2870.9,4,2005.9,2518.04,17,Oui,Ramadan
REC01624,2026/06/26,Web,2314,66,93,36007.74,630.75,2,845.11,5724.8,25,Non,None
REC00449,2025-05-30,App,1784,88,117,38565.26,2183.48,3,1241.73,4477.25,37,Non,None
REC00171,26-02-2025,Marketplace,848,45,58,28309.13,2768.98,4,2098.67,2090.36,18,Non,None
REC00337,2025-04-23,Web,2475,72,106,38322.7,2427.77,3,1480.33,5119.19,27,Non,None
REC00989,2025-11-26,App,2891,173,238,71308.24,9782.13,7,2103.91,6524.53,63,Oui,Black Friday
REC01169,2026-01-25,App,2043,87,128,42437.36,2518.45,3,1190.17,3617.87,27,Non,None
REC00610,23/07/2025,Web,3538,122,176,67384.14,11764.7,4,1607.43,6413.22,32,Oui,Summer Sale
REC00688,2025/08/18,Web,3183,119,161,68513.75,7487.38,6,2866.98,6630.95,42,Oui,Summer Sale
REC00232,2025/03/19,Web,3216,103,156,51205.91,10530.53,5,1856.87,7253.97,33,Oui,Ramadan
REC01747,06-08-2026,Web,2285,63,87,37580.79,45.34,3,1510.71,5797.4,28,Non,None
REC01491,12-05-2026,Marketplace,832,41,54,22617.73,1525.81,3,1412.44,1813.71,15,Non,None
REC01399,12-04-2026,Web,2674,59,83,34202.4,2240.64,3,1365.06,3712.01,17,Non,None
REC01196,2026/02/03,App,1813,91,135,41114.42,4374.34,4,1627.5,3411.54,34,Non,None
REC00588,2025/07/15,Marketplace,1555,100,128,57218.92,8442.93,9,4822.03,1995.93,37,Oui,Summer Sale
REC00936,2025/11/08,market place,1372,62,85,41852.26,0.0,4,2061.97,2164.87,17,Non,None
REC00141,2025-02-16,Marketplace,898,43,59,25967.57,996.25,4,2245.02,1498.79,14,Non,None
REC00719,28-08-2025,App,1830,66,82,32812.15,1616.83,3,1385.81,4989.08,23,Non,None
REC00329,2025-04-20,App,2110,79,103,31303.14,1374.26,4,1540.82,3869.12,28,Non,None
REC01389,2026-04-08,Marketplace,963,48,73,28095.95,1362.74,3,1427.69,1858.5,17,Non,None
REC01010,03/12/2025,App,2507,92,125,40195.88,2895.45,7,2569.01,5515.74,25,Non,None
REC01692,2026/07/18,Marketplace,1280,78,103,49227.84,4917.15,5,2291.8,2278.9,19,Oui,Summer Sale
REC00665,2025-08-10,App,2827,168,225,76433.53,13370.12,5,1819.21,4749.05,59,Oui,Summer Sale
REC01566,06/06/2026,Marketplace,1281,70,92,44564.32,1719.31,4,2027.3,2158.27,24,Non,None
REC00250,25/03/2025,Web,2811,93,130,54188.98,7578.04,9,4118.69,5159.84,31,Non,None
REC00906,29/10/2025,Marketplace,969,57,78,34310.49,2094.48,3,1488.48,1792.87,22,Non,None
REC00383,08-05-2025,App,1955,85,112,38219.26,3694.35,6,1975.78,3818.65,20,Non,None
REC00890,24/10/2025,App,2263,83,112,37642.58,2970.19,5,2031.86,5996.1,36,Non,None
REC01272,2026/02/28,Marketplace,1125,57,79,39092.42,3501.68,5,3024.94,1870.57,21,Non,None
REC00863,15-10-2025,App,1251,66,84,28480.08,929.34,3,1143.92,4419.0,15,Non,None
REC01746,05/08/2026,Marketplace,935,46,55,29386.99,2137.75,3,1449.01,2319.35,11,Non,None
REC00560,2025/07/06,App,2215,116,139,54326.93,3578.18,3,1151.58,4376.13,47,Non,None
REC00997,2025-11-29,Web,4199,128,155,68253.84,15179.47,4,2009.39,7596.26,54,Oui,Black Friday
REC00689,2025-08-18,App,2499,130,188,58978.84,14618.25,8,2947.06,6128.31,54,Oui,Summer Sale
REC00564,2025/07/07,Marketplace,1233,54,67,32002.2,3925.0,4,1733.67,1895.49,16,Non,None
REC00590,16/07/2025,App,2368,110,144,53251.52,18593.44,7,2751.2,5037.3,44,Oui,Summer Sale
REC01630,28/06/2026,Web,2598,65,90,35010.46,4070.12,3,1333.21,5488.26,19,Non,None
REC00442,28/05/2025,Web,2315,58,82,33784.24,1858.2,0,0.0,5118.33,23,Non,None
REC00647,04-08-2025,App,2122,92,134,40709.13,2011.17,4,1332.99,4780.0,39,Non,None
REC01492,2026/05/13,Web,,130,178,79162.92,2940.05,11,5997.42,4531.71,47,Non,None
REC00927,05-11-2025,Marketplace,1229,66,91,40419.76,3364.6,5,2532.77,2119.1,21,Non,None
REC00299,10-04-2025,App,1826,85,129,39065.25,3753.89,2,763.98,4136.08,25,Non,None
REC01050,16/12/2025,Marketplace,1760,112,153,77479.16,20859.89,8,5313.61,2838.36,33,Oui,Year End
REC00245,2025-03-23,App,2098,77,111,37263.84,2724.77,4,1731.13,3988.7,23,Non,None
REC01714,26/07/2026,Web,3378,123,160,68615.96,7682.76,5,2099.62,5531.11,44,Non,None
REC01394,10/04/2026,App,1699,74,98,30502.32,1897.28,3,1084.84,4188.23,28,Non,None
REC01322,17/03/2026,App,2182,116,150,50603.55,7600.47,5,1763.81,5156.0,27,Oui,Ramadan
REC00502,17/06/2025,Web,3023,78,102,43540.69,98.1,2,961.81,5702.27,29,Non,None
REC00230,18/03/2025,App,2043,95,148,45886.89,10056.97,1,422.29,4894.74,22,Oui,Ramadan
REC00505,2025-06-18,Web,2739,114,153,71682.57,5210.56,4,2214.62,4548.43,40,Non,None
REC01816,2026/08/29,Web,2968,101,142,50066.66,3796.11,1,417.98,5422.44,24,Non,None
REC01251,21-02-2026,Marketplace,941,56,74,34200.13,872.44,3,1388.79,1586.27,23,Non,None
REC00636,2025/07/31,Marketplace,1054,62,83,37067.75,4603.83,2,920.95,1850.02,23,Non,None
REC00642,02/08/2025,Marketplace,1092,57,76,39995.03,2095.36,3,1875.86,1969.87,22,Non,None
REC00385,2025-05-09,Web,2984,128,171,75705.81,5978.35,2,908.7,5588.96,42,Non,None
REC01122,09/01/2026,Marketplace,699,37,48,23344.57,3017.93,2,1054.95,1434.91,15,Non,None
REC01694,19/07/2026,App,3002,144,201,70007.26,10274.34,7,2870.2,5214.86,50,Oui,Summer Sale
REC00521,2025-06-23,App,2005,97,120,46823.58,381.88,4,1535.82,3819.97,24,Non,None
REC01478,08/05/2026,App,1777,54,77,25298.08,250.02,3,1267.2,4157.13,14,Non,None
REC00131,13-02-2025,App,1503,67,96,32238.38,1727.0,2,756.54,3065.35,29,Non,None
REC01375,04-04-2026,Web,3137,106,143,59371.83,1854.03,3,1284.53,4371.47,36,Non,None
REC00192,2025/03/05,Marketplace,1112,78,114,47743.51,7307.35,5,2385.84,2275.04,21,Oui,Ramadan
REC00964,2025/11/18,Web,3367,117,165,65186.04,2700.18,6,3022.27,8095.97,42,Non,None
REC00840,2025/10/07,Marketplace,1022,66,93,40400.48,3337.92,7,3896.11,2131.92,25,NON,None
REC00969,2025-11-19,Marketplace,1153,46,62,28560.81,1342.76,5,2845.06,2112.73,12,Non,None
REC00601,2025-07-20,Web,4358,125,150,69320.79,19802.42,3,1251.96,7100.18,28,Oui,Summer Sale
REC01148,2026/01/18,App,1771,74,94,33603.2,0.0,3,1309.5,3900.55,29,Non,None
REC00263,29-03-2025,App,2162,97,137,46839.35,2307.58,3,1165.3,3551.58,30,Non,None
REC01353,2026-03-27,Marketplace,1003,49,70,25303.09,2978.38,4,1680.61,2175.21,18,Non,None
REC01236,2026/02/16,Marketplace,820,47,62,30849.13,4008.55,3,1485.63,1641.3,15,Non,None
REC01125,2026-01-10,Marketplace,1003,60,75,36838.93,937.66,2,889.26,1591.43,16,Non,None
REC00071,24-01-2025,App,1585,58,74,27226.64,1176.0,2,706.25,3579.01,20,Non,None
REC00424,2025/05/22,Web,2907,109,157,56581.13,1841.59,6,2926.49,4537.12,30,Non,None
REC00844,2025/10/09,Web,2823,94,131,60328.99,4187.5,5,2574.42,5051.27,27,Non,None
REC00986,25/11/2025,App,3388,138,193,67137.59,13501.14,9,4230.11,5900.1,51,Oui,Black Friday
REC01009,2025-12-03,Web,3855,129,188,62826.33,3216.62,6,2508.8,6790.61,30,Non,None
REC01767,12-08-2026,Marketplace,1132,59,79,34393.32,5371.92,3,1474.66,2327.07,17,Oui,Summer Sale
REC00655,07-08-2025,Web,2815,95,133,55605.67,5451.01,2,936.94,5086.89,39,Non,None
REC00701,2025-08-22,App,2754,116,148,56408.87,11971.33,5,1880.12,4469.62,27,Oui,Summer Sale
REC00474,07/06/2025,Marketplace,1135,62,85,36829.94,3360.53,5,2296.47,1940.21,22,Non,None
REC00444,2025/05/28,Marketplace,902,47,66,29017.23,3825.59,2,1084.62,1397.56,19,Non,None
REC00856,2025/10/13,Web,2593,91,122,46510.07,6921.37,2,973.55,5529.84,32,Non,None
REC00766,13/09/2025,Web,4020,190,256,97711.68,11881.6,8,3799.25,6729.97,68,Oui,Back to School
REC00699,21-08-2025,Marketplace,1043,67,87,45092.11,5377.61,3,1711.56,2612.22,28,Oui,Summer Sale
REC00904,2025/10/29,Web,3106,106,138,50807.98,7869.57,3,1098.15,5996.88,27,Non,None
REC00777,2025-09-16,Marketplace,1045,60,90,36700.44,2951.94,2,1165.58,2165.4,21,Non,None
REC00472,2025/06/07,Web,3441,107,156,58070.72,1520.78,6,2467.67,6262.06,25,Non,None
REC01459,02-05-2026,Web,2536,77,122,39861.19,1428.03,0,0.0,5220.38,27,Non,None
REC01821,2026-08-30,Marketplace,1059,60,85,32925.72,0.0,5,2139.81,2016.31,20,Non,None
REC01465,2026-05-04,Web,2361,78,106,40919.92,0.0,5,1890.89,5600.89,24,Non,None
REC00566,08/07/2025,App,2001,77,96,36101.37,3403.3,2,844.48,4790.64,33,Non,None
REC01553,2026-06-02,App,2307,91,126,42728.02,6727.77,5,1766.53,4129.57,40,Non,None
REC01034,11/12/2025,App,2258,99,139,46227.24,3760.68,6,2732.31,5023.06,23,Non,None
REC00705,2025-08-23,Marketplace,1219,96,128,56945.16,15855.86,9,4731.1,2497.19,35,Oui,Summer Sale
REC00019,07-01-2025,Web,2481,104,131,57245.13,5476.6,4,1747.63,3723.86,26,Non,None
REC01699,21-07-2026,Web,4085,198,260,113098.99,21948.63,7,2883.44,6944.16,69,Oui,Summer Sale
REC00526,25/06/2025,Web,2717,83,122,44970.95,4318.81,5,2113.43,6029.92,24,Non,None
REC00862,15/10/2025,Web,3184,108,156,61126.87,3601.18,4,2043.49,5064.38,24,Non,None
REC01716,2026/07/26,Marketplace,1266,73,103,46806.19,4692.61,4,,,23,Non,None
REC00937,2025-11-09,Web,3305,95,127,53446.62,2764.24,6,2536.29,6805.05,23,Non,None
REC00001,2025-01-01,Web,2190,85,118,44147.19,1866.36,1,504.34,5017.25,24,Non,None
REC01238,17/02/2026,App,2054,84,113,38065.99,3035.79,5,1726.94,3301.95,32,Non,None
REC01510,19/05/2026,Web,2987,85,120,52602.92,1761.12,6,2835.32,5766.65,36,Non,None
REC01475,07-05-2026,App,1911,77,100,34189.01,1034.93,5,2024.69,3159.66,20,Non,None
REC00780,2025/09/17,Marketplace,1021,55,77,30525.31,607.49,4,1656.04,1639.91,22,Non,None
REC00527,25-06-2025,App,2007,98,140,46188.0,3995.51,6,2155.77,4233.61,30,Non,None
REC00738,03/09/2025,Marketplace,1259,79,115,45826.83,7451.92,4,2255.89,2382.15,19,Oui,Back to School
REC01521,2026-05-22,Marketplace,983,46,65,24474.04,3124.48,3,1524.39,1630.05,15,Non,None
REC00408,2025/05/16,Marketplace,1093,61,81,36353.43,4079.82,3,1422.11,1743.34,17,Non,None
REC00306,12/04/2025,Marketplace,1018,62,86,33486.58,1703.05,5,2073.39,2003.1,18,Non,None
REC01335,21-03-2026,MARKETPLACE,1171,79,101,49556.55,0.0,5,2915.14,1838.36,18,Non,None
REC00107,05-02-2025,App,1651,82,102,38722.0,1855.51,6,2304.76,4196.2,22,Non,None
REC01727,30-07-2026,App,1806,63,77,27172.54,2000.47,2,752.93,4809.48,19,Non,None
REC00023,08-01-2025,App,1782,56,81,25955.56,1839.44,2,687.34,3938.16,14,Non,None
REC00117,2025-02-08,Marketplace,952,49,61,30269.95,3873.36,3,1436.27,1573.85,13,Non,None
REC00316,2025/04/16,Web,3154,91,135,50671.61,5651.06,2,909.42,5602.61,33,Non,None
REC00634,31/07/2025,Web,3086,101,135,56751.58,6536.9,2,1038.74,5582.36,32,Non,None
REC01191,01-02-2026,Marketplace,835,36,46,24909.31,1788.23,2,1251.39,1578.48,10,Non,None
REC01766,12/08/2026,App,2809,121,159,52985.17,15962.28,8,2704.14,5008.23,36,Oui,Summer Sale
REC01559,04-06-2026,App,2010,73,101,32018.24,0.0,2,783.23,4393.13,21,Non,None
REC00121,2025-02-10,Web,2305,79,116,46553.21,2905.37,3,1315.21,5197.72,28,Non,None
REC00290,07/04/2025,App,2078,94,119,45639.23,4531.03,3,1290.05,3413.37,41,Non,None
REC00984,2025/11/24,Marketplace,1597,92,119,54339.18,8376.71,5,2155.19,2529.89,36,Oui,Black Friday
REC00993,2025-11-27,Marketplace,1612,107,167,62664.21,14011.52,6,3294.33,2834.5,24,Oui,Black Friday
REC00584,2025/07/14,App,2523,127,167,63068.29,8165.58,5,2332.69,5840.87,48,Oui,Summer Sale
REC00105,2025-02-04,Marketplace,869,45,58,27638.24,2026.85,2,973.73,1480.67,19,Non,None
REC00241,2025-03-22,Web,2968,88,115,46117.8,2751.27,6,2632.38,6058.69,31,Non,None
REC00013,2025-01-05,Web,2690,121,151,68067.55,3408.11,8,4172.43,4274.54,38,Non,None
REC00542,30/06/2025,App,1683,82,116,39885.37,2998.25,4,1692.76,4471.56,30,Non,None
REC00333,2025-04-21,Marketplace,967,53,68,30445.71,3168.8,4,2022.15,1905.96,12,Non,None
REC00016,2025/01/06,Web,2659,77,100,40365.59,1025.92,6,2531.52,5367.63,29,Non,None
REC00116,2025/02/08,App,1710,74,103,34098.94,1532.96,6,2243.48,3233.71,28,Non,None
REC00181,2025-03-02,Web,3343,137,179,81140.1,4170.48,9,4620.48,5026.99,44,Non,None
REC00246,23/03/2025,Marketplace,1145,71,97,41268.76,3867.32,6,2910.02,2168.92,19,Non,None
REC00465,2025-06-04,Marketplace,1079,60,81,38277.99,3693.78,3,1714.15,1911.82,23,Non,None
REC00393,2025-05-11,Marketplace,1039,54,74,32885.8,3768.85,5,2204.23,1620.18,18,Non ,None
REC01089,2025-12-29,Marketplace,1586,87,119,59721.51,13609.41,6,3866.22,3006.18,25,Oui,Year End
REC01563,05-06-2026,Marketplace,911,57,78,31409.38,415.56,6,2532.66,1936.81,,Non,None
REC00265,2025-03-30,Web,3283,88,125,48616.26,2771.12,3,1215.94,5446.8,38,Non,None
REC00419,20-05-2025,App,1783,67,92,30475.15,1455.56,5,2042.16,4113.79,28,Non,None
REC00457,2025-06-02,Web,2873,140,162,78467.41,7586.82,3,1534.27,5392.38,55,Non,None
REC01691,18-07-2026,App,2482,135,196,62112.02,14167.66,6,2022.27,5380.43,55,Oui,Summer Sale
REC00518,22/06/2025,App,1864,59,72,26241.45,3304.1,3,1064.06,3739.67,18,Non,
REC01752,2026/08/07,Marketplace,900,40,52,23817.44,1797.94,3,1404.38,1844.58,9,Non,None
REC00173,2025-02-27,App,1900,72,104,38148.43,3147.94,1,452.86,2760.02,27,Non,None
REC01377,2026-04-04,Marketplace,1249,72,99,43082.66,0.0,3,1380.07,1662.01,24,Non,None
REC00629,2025-07-29,App,2092,88,115,41975.19,3684.64,4,1697.4,4432.46,33,Non,None
REC00247,24-03-2025,Web,2240,81,111,46279.92,1971.07,1,479.91,5187.04,27,Non,None
REC00390,10/05/2025,Marketplace,1037,53,69,30545.96,3387.67,4,2056.16,2165.86,12,Non,None
REC00981,2025-11-23,Marketplace,1578,95,134,60300.18,13562.49,4,2166.2,2473.89,38,Oui,Black Friday
REC01213,2026-02-09,Web,2417,79,103,43963.15,3600.97,2,812.35,5849.91,26,Non,None
REC01008,2025/12/02,Marketplace,1277,57,71,33434.6,2895.39,3,1659.43,2332.23,17,Non,None
REC01349,2026-03-26,App,1929,76,102,36406.34,1560.71,3,1199.98,3958.85,26,Non,None
REC00911,31-10-2025,App,2035,69,93,37264.91,3503.18,1,436.85,3647.73,18,Non,None
REC00207,10-03-2025,Marketplace,1143,52,64,32365.22,4133.53,6,3508.29,2248.57,19,Oui,Ramadan
REC00055,19-01-2025,Web,2592,80,104,51711.27,3690.07,5,2985.66,4686.93,27,Non,None
REC01546,31/05/2026,Web,3022,105,149,58870.33,7062.45,9,4434.44,5225.83,29,Non,None
REC01271,28-02-2026,App,2019,73,98,33017.22,2821.47,4,1699.03,2839.28,28,Non,None
REC01039,13-12-2025,Web,3951,108,141,61929.48,3300.46,6,2952.81,7329.19,43,Non,None
REC00520,2025/06/23,Web,2771,103,147,57319.22,5149.35,3,1387.72,5652.01,38,Non,None
REC00359,30-04-2025,App,1699,78,97,41422.85,2975.5,4,1597.99,3717.88,28,Non,None
REC00929,2025-11-06,App,1804,86,116,39617.24,3266.65,3,1137.75,5340.89,35,Non,None
REC01340,2026/03/23,App,1898,82,106,37742.14,4775.08,4,1620.8,3349.32,29,Non,None
REC00407,16-05-2025,App,2343,86,115,41483.76,2528.67,4,1746.86,4364.04,21,Non,None
REC01097,2026-01-01,App,1791,88,116,40780.66,973.02,5,1857.12,3333.26,26,Non,None
REC00032,2025/01/11,App,1851,66,86,27971.16,1054.86,4,1625.86,3459.42,23,Non,None
REC00606,21/07/2025,Marketplace,1401,78,95,44226.74,6626.92,8,3422.58,2340.23,18,Oui,Summer Sale
REC00506,18/06/2025,App,1702,61,79,31952.48,2582.78,4,2001.11,4082.84,27,Non,None
REC01659,07-07-2026,Marketplace,945,54,63,34373.03,4192.53,4,2422.32,1877.86,15,Non,None
REC01474,07/05/2026,Web,3343,99,158,53503.31,1446.57,7,2842.06,5287.45,26,Non,None
REC00177,2025-02-28,Marketplace,957,58,74,37308.84,2877.58,2,1072.03,1401.79,14,Non,None
REC01038,12/12/2025,Marketplace,1293,61,78,39709.05,4103.12,3,1913.69,2172.74,17,Non,None
REC01814,28/08/2026,App,1870,74,96,32829.21,3049.69,5,2105.97,4099.3,21,Non,None
REC00722,29/08/2025,App,2208,99,128,47469.13,2864.21,5,1994.76,5098.41,25,Non,None
REC01067,22-12-2025,App,3223,116,150,52340.68,10585.1,8,3373.03,5057.12,48,Oui,Year End
REC00653,2025-08-06,App,2137,86,116,40885.59,3776.26,3,1185.78,4313.19,31,Non,None
REC01237,2026-02-17,Web,1880,53,66,27631.29,1807.13,2,761.41,2384.91,14,Non,None
REC01797,2026-08-22,Marketplace,1618,98,119,54787.92,15498.43,10,5128.66,2258.83,39,Oui,Summer Sale
REC00623,27-07-2025,App,2236,84,111,37865.99,3181.5,4,1322.02,4336.57,22,Non,None
REC00454,01/06/2025,Web,3363,101,138,53863.33,7034.56,7,3199.73,5263.12,27,Non,None
REC01164,2026/01/23,Marketplace,960,45,63,25794.25,1598.24,3,1674.72,1905.89,15,Non,None
REC01337,2026-03-22,App,2187,86,113,42036.47,4863.06,3,1090.44,4242.32,24,Non,None
REC01593,2026-06-15,Marketplace,1096,73,103,45079.73,5363.09,8,4161.34,1987.71,23,Non,None
REC00942,10/11/2025,Marketplace,1319,66,94,44054.41,2711.33,4,2464.58,2273.4,17,Non,None
REC00041,2025-01-14,App,1769,75,99,32028.51,2483.59,6,2348.61,3575.5,22,Non,None
REC01153,2026-01-20,Web,2310,48,66,30085.38,2227.7,2,941.25,5474.71,15,Non,None
REC00079,27-01-2025,Web,2573,81,117,44626.29,5414.87,3,1470.8,4898.81,34,Non,None
REC01286,05/03/2026,App,1892,64,84,27813.22,6074.76,3,1181.28,4460.13,28,Oui,Ramadan
REC01602,18/06/2026,Marketplace,1060,49,66,30130.23,2879.94,2,1170.82,1587.97,21,Non,None
REC00273,2025-04-01,Marketplace,910,45,65,26879.34,865.71,3,1490.64,1795.88,16,Non,None
REC00477,2025-06-08,Marketplace,1222,57,78,37828.61,1267.38,3,1616.59,2163.56,23,Non,None
REC00902,28/10/2025,App,1986,81,107,34713.97,1260.76,8,2657.45,4479.81,31,Non,None
REC01345,2026-03-25,Web,2836,111,134,64424.43,0.0,3,1356.0,5039.61,34,Non,None
REC01704,2026/07/22,Marketplace,,83,115,48103.67,4819.9,6,2673.78,2702.58,24,Oui,Summer Sale
REC00251,25-03-2025,App,1878,98,146,47680.5,3818.2,3,1281.52,4130.99,40,Non,None
REC00582,13/07/2025,Marketplace,1391,93,125,51203.4,10586.17,6,2622.22,2450.52,37,Oui,Summer Sale
REC00658,08/08/2025,Web,2750,102,133,59475.51,6104.39,3,1313.37,5618.92,45,Non,None
REC00538,29/06/2025,Web,3122,102,133,58705.36,6618.32,6,3384.11,6155.37,29,Non,None
REC01794,21/08/2026,Marketplace,1362,95,125,54930.92,4150.53,4,2263.24,2571.11,40,Oui,Summer Sale
REC00561,2025-07-06,Marketplace,1044,67,93,41646.61,2091.9,3,1769.93,1560.31,25,Non,None
REC00467,05-06-2025,App,1655,60,79,31441.58,2106.31,2,801.33,4443.08,16,Non,None
REC01258,24/02/2026,Web,2401,67,97,42278.93,2442.39,3,1825.16,5152.29,22,Non,None
REC01143,16-01-2026,Marketplace,765,41,59,25982.15,3174.26,5,2442.79,1273.8,16,Non,None
REC01621,2026-06-25,Web,2625,67,89,33608.18,2202.4,5,2337.94,5712.45,17,Non,None
REC01531,26-05-2026,Web,3092,114,155,66800.06,5050.69,10,5224.75,5746.2,35,Non,None
REC00820,2025/10/01,Web,2716,64,79,30095.34,1463.19,4,1423.7,5187.89,19,Non,None
REC00302,11/04/2025,App,1946,86,109,40477.99,3442.08,3,1194.82,3972.81,37,Non,None
REC00943,11-11-2025,Web,3388,66,83,35442.66,1251.85,4,1761.31,6863.9,27,Non,None
REC00988,2025/11/26,Web,3830,137,198,74253.64,11934.61,3,1420.89,8778.42,54,Oui,Black Friday
REC00823,02-10-2025,Web,3011,104,130,61366.9,3547.74,5,2862.62,4641.49,24,Non,None
REC01355,28-03-2026,App,2400,109,132,55456.88,1740.6,6,2340.45,3838.37,27,Non,None
REC01083,27-12-2025,Marketplace,1726,103,141,62444.22,5881.42,7,3752.0,3006.36,32,Oui,Year End
REC00478,09/06/2025,Web,2995,122,175,65128.07,2543.31,4,1979.08,5266.06,50,Non,None
REC00061,2025-01-21,Web,2376,73,108,41284.76,5432.2,3,1287.93,4181.93,32,Non,None
REC01645,2026-07-03,Web,2889,101,130,55926.6,2413.99,4,1977.02,6077.78,34,Non,None
REC00036,2025/01/12,Marketplace,1132,42,54,26368.52,1479.49,3,1379.85,1765.14,11,Non,None
REC00879,20-10-2025,Marketplace,1155,56,74,32671.0,3250.54,3,1311.04,2355.82,14,Non,None
REC01127,11-01-2026,App,1919,83,118,39228.44,3930.29,7,2880.36,3028.2,24,Non,None
REC01021,2025-12-07,Web,3892,147,204,84013.13,557.99,6,2521.37,6267.17,49,Non,None
REC00916,2025/11/02,Web,4444,134,163,78173.15,6569.7,7,3161.35,5809.37,46,Non,None
REC00756,2025/09/09,Marketplace,1058,61,85,37521.86,6993.47,3,1563.3,2200.57,17,Oui,Back to School
REC00185,2025-03-03,App,1807,76,94,35617.05,904.13,5,2212.54,3686.91,30,Non,None
REC01015,05-12-2025,Web,3562,110,140,60076.52,4685.05,5,2391.06,6732.78,38,Non,None
REC00256,2025/03/27,Web,2763,113,141,60191.56,1195.97,4,1756.76,5386.49,34,Non,None
REC01607,20-06-2026,App,2394,92,119,39607.73,1162.52,4,1676.06,5558.79,24,Non,None
REC01007,02-12-2025,App,2841,116,160,48990.97,1081.63,7,2391.19,5224.9,32,Non,None
REC00420,2025/05/20,Marketplace,984,62,79,43683.74,0.0,7,3790.6,1812.53,18,Non,None
REC00202,09/03/2025,Web,3367,112,149,67573.88,15844.9,5,2780.44,6462.91,30,Oui,Ramadan
REC00398,13/05/2025,App,2029,77,102,32835.63,1914.53,4,1456.83,4567.37,21,Non,None
REC00462,03/06/2025,Marketplace,969,68,101,39972.66,3216.97,4,1716.28,2207.95,25,Non,None
REC01562,05/06/2026,App,1761,80,100,33917.46,1282.87,5,1819.62,4169.0,31,Non,None
REC00726,30/08/2025,Marketplace,1104,60,83,36327.44,210.0,5,2680.49,2083.92,19,Non,None
REC00430,24/05/2025,Web,3000,80,91,45727.42,1184.4,6,2831.89,5309.88,20,Non,None
REC00586,15/07/2025,Web,4341,166,200,89486.81,13602.84,11,5458.95,8026.11,70,Oui,Summer Sale
REC01609,2026-06-21,Web,3438,130,166,74337.02,7458.68,7,3861.81,5842.5,51,Non,None
REC01333,2026-03-21,Web,2741,76,109,36163.88,1811.01,4,1792.56,5565.48,21,Non,None
REC01774,15/08/2026,Web,4027,192,252,104653.53,12680.58,13,5720.61,6902.75,50,Oui,Summer Sale
REC00052,2025/01/18,Web,2672,93,128,48037.28,3200.31,7,3091.24,4157.29,28,Non,None
REC01160,2026/01/22,App,1849,68,90,32647.0,2619.79,3,1346.86,3668.75,23,Non,None
REC00414,18/05/2025,Marketplace,1162,40,55,26904.19,1366.61,4,2453.69,1724.36,12,Non,None
REC00062,21/01/2025,App,1720,76,93,36652.86,1330.14,4,1535.33,3156.96,27,Non,None
REC01027,09-12-2025,Web,3163,114,175,60517.16,3543.02,5,2195.88,7166.57,40,Non,None
REC01200,2026/02/04,Marketplace,974,39,48,23170.97,2206.74,2,861.92,1820.22,12,Non,None
REC00353,2025-04-28,App,1767,72,98,33540.38,2205.05,2,897.3,3747.57,27,Non,None
REC01102,03/01/2026,Web,2463,94,131,51704.54,2222.3,4,1616.03,4455.83,28,Non,None
REC01517,2026-05-21,App,1801,69,106,30950.52,3307.9,3,1304.55,4603.88,28,Non,None
REC00294,08/04/2025,Marketplace,843,41,52,23899.08,3340.28,3,1659.25,1837.08,11,Non,None
REC00843,08-10-2025,Marketplace,1176,49,70,31051.65,881.92,4,1903.26,2203.49,13,Non,None
REC01764,2026/08/11,Marketplace,1148,68,92,42232.14,7556.01,5,2975.09,2710.51,16,Oui,Summer Sale
REC00025,2025-01-09,Web,2363,59,86,34400.62,3703.63,2,938.19,4087.16,24,Non,None
REC01212,2026/02/08,Marketplace,930,69,88,47036.05,1911.85,5,2652.51,1423.18,27,Non,None
REC00175,28-02-2025,Web,2642,93,116,49751.95,2963.68,6,3128.95,4282.47,30,Non,None
REC01316,2026/03/15,App,2290,132,169,54473.5,4198.91,8,2609.63,4900.97,42,Oui,Ramadan
REC01677,2026-07-13,Marketplace,1333,86,119,66102.95,15172.91,6,4451.04,2628.83,23,Oui,Summer Sale
REC00922,04/11/2025,Web,3580,112,135,50904.5,3843.89,6,2354.78,6710.27,28,Non,None
REC00012,2025/01/04,Marketplace,990,66,86,38628.53,2865.28,4,1862.5,1524.8,28,Non,None
REC01469,2026-05-05,App,1840,90,118,38454.12,3479.23,4,1240.93,4207.39,31,Non,None
REC00084,2025/01/28,Marketplace,657,24,33,13913.71,1493.22,1,543.31,1408.28,6,Non,None
REC01795,22-08-2026,Web,4105,176,254,114185.81,23424.94,2,1089.69,7300.47,56,Oui,Summer Sale
REC00948,2025/11/12,Marketplace,1202,62,84,41509.05,3184.9,3,1782.3,2244.57,,Non,None
REC01018,06/12/2025,Web,4457,175,232,102409.71,7778.47,4,2215.18,6058.06,70,Non,None
REC01242,18/02/2026,Marketplace,742,21,28,12211.31,1283.68,1,561.38,1367.63,8,Non,None
REC00371,04-05-2025,App,1694,83,112,42909.61,2383.9,3,1496.06,3857.39,34,Non,None
REC01354,28/03/2026,Web,2986,85,117,47369.2,4243.32,7,3195.56,6329.26,21,Non,None
REC01468,2026/05/05,Web,3059,107,153,58681.18,4125.99,7,,5630.58,30,Non,None
REC01499,15-05-2026,App,1888,73,84,33735.92,2638.54,2,883.82,4246.91,17,Non,None
REC00977,2025-11-22,App,3545,215,289,101668.09,11158.74,14,6268.3,5994.86,68,Oui,Black Friday
REC00213,2025-03-12,Marketplace,1322,74,99,43728.69,4638.36,5,2455.66,2303.29,31,Oui,Ramadan
REC00910,31/10/2025,Web,3125,93,122,57334.59,4354.3,5,2941.89,6034.32,24,Non,None
REC00480,2025/06/09,Marketplace,743,34,45,21157.61,496.53,1,597.69,1996.49,9,Non,None
REC01296,2026/03/08,Marketplace,1320,85,116,49982.39,5453.21,5,2420.89,2524.29,33,Oui,Ramadan
REC01154,20/01/2026,App,1738,92,111,37795.18,3596.61,2,675.95,4046.15,22,Non,None
REC00497,2025-06-15,APP ,2822,123,171,53495.32,6746.51,4,1606.94,3868.52,49,Non,None
REC00288,2025/04/06,Marketplace,985,56,70,38241.62,3195.49,3,1524.59,2405.09,21,Non,None
REC00270,31/03/2025,Marketplace,925,37,42,23766.47,641.16,2,1098.05,2008.15,14,Non,None
REC00953,2025-11-14,App,2578,108,134,51961.98,4069.62,6,2603.16,4771.11,36,Non,None
REC01068,2025/12/22,Marketplace,1618,124,156,65453.66,17599.58,7,3264.9,2576.1,38,Oui,Year End
REC01208,2026/02/07,App,1668,61,81,32299.42,3082.72,2,961.61,3893.68,20,Non,None
REC01652,2026/07/05,app,2338,97,139,44105.94,4914.78,5,2045.41,4065.89,39,Non,None
REC01045,2025-12-15,Web,4656,204,279,115992.24,14420.83,7,3692.25,10034.8,46,Oui,Year End
REC01292,2026/03/07,App,2647,134,198,62396.01,15747.76,8,2794.66,4883.46,48,Oui,Ramadan
REC00271,01-04-2025,Web,2883,87,113,49142.03,488.2,6,2472.61,5068.4,21,Non,None
REC01263,25-02-2026,Marketplace,757,38,52,24043.4,1421.49,2,1166.74,1489.67,10,Non,None
REC00872,2025/10/18,App,2482,83,121,34632.23,3747.27,6,2044.4,4165.42,20,Non,None
REC00346,26/04/2025,Web,2825,67,86,40499.55,5237.96,1,446.75,5219.29,22,Non,None
REC01682,15/07/2026,App,2883,109,139,51027.86,18605.05,2,721.56,5624.52,27,OUI,Summer Sale
REC00644,2025/08/03,App,2414,109,150,56612.07,7422.82,5,2377.33,3807.11,25,Non,None
REC00225,2025-03-16,Marketplace,1458,87,123,52658.96,14476.07,4,1789.79,2319.84,23,Oui,Ramadan
REC00212,2025/03/12,App,2505,120,194,47933.63,7310.09,6,2183.1,5375.8,38,Oui,Ramadan
REC01026,08/12/2025,Marketplace,1365,60,82,38989.32,5962.6,5,2607.48,2361.88,19,Non,None
REC00739,04-09-2025,Web,3502,116,147,59965.29,16712.33,9,3695.96,8103.91,26,Oui,Back to School
REC00849,2025-10-10,Marketplace,1173,64,92,40197.1,2545.17,3,1518.58,2000.44,26,Non,None
REC01288,2026/03/06,Web,2955,109,150,63102.92,4262.57,2,844.53,6567.81,48,Oui,Ramadan
REC01165,2026-01-24,Web,2828,120,158,65543.47,6260.81,6,3008.83,4844.58,41,Non,None
REC01696,2026/07/20,Web,3357,107,148,53110.8,6765.69,6,2569.67,7014.7,46,Oui,Summer Sale
REC01080,2025/12/26,Marketplace,1487,77,115,43798.42,2317.26,4,1762.31,2716.44,26,Oui,Year End
REC01505,2026-05-17,App,2442,111,143,47562.51,3140.08,5,1846.61,4511.78,46,Non,None
REC00861,2025-10-14,Marketplace,977,52,68,34958.77,1882.86,3,1536.36,1943.83,12,Non,None
REC00005,2025-01-02,App,1373,54,73,26678.96,1113.56,2,786.62,3027.4,18,Non,None
REC00744,2025/09/05,Marketplace,1160,79,108,46900.36,12688.58,4,1978.49,2310.47,27,Oui,Back to School
REC01762,11/08/2026,Web,3562,123,180,66121.01,14007.34,3,1554.81,7711.84,46,Oui,Summer Sale
REC00926,05/11/2025,App,1943,52,68,24420.61,1816.58,3,1322.79,4996.83,14,Non,None
REC01419,18-04-2026,Marketplace,1248,67,86,41721.19,1763.03,3,1807.51,2188.13,26,Non,None
REC01543,30-05-2026,Web,3222,115,152,62315.97,3872.57,7,3716.25,5665.21,32,Non,None
REC01299,09-03-2026,Marketplace,1178,65,92,37186.02,5184.82,4,2098.43,2459.67,22,Oui,Ramadan
REC00569,2025-07-09,App,1793,72,92,36200.88,2045.11,3,1210.61,5108.09,17,Non,None
REC00318,16/04/2025,Marketplace,997,49,66,28652.9,3163.78,4,2191.64,1609.31,12,Non,None
REC00755,09-09-2025,App,2107,99,136,45082.21,10957.5,6,1982.42,4872.14,30,Oui,Back to School
REC01126,11/01/2026,Web,2506,83,117,51071.67,5229.35,1,488.5,4412.58,19,Non,None
REC00077,2025-01-26,App,1790,62,73,27041.58,2695.33,4,1450.22,3046.59,17,Non,None
REC00435,25-05-2025,Marketplace,933,54,74,32238.09,3492.97,3,1343.73,1307.71,14,Non,None
REC00494,14/06/2025,App,2593,98,131,41262.12,2782.6,8,2781.38,4078.69,40,Non,None
REC00381,2025-05-07,Marketplace,968,60,86,31436.99,3533.74,2,754.55,1967.92,22,Non,None
REC00030,10/01/2025,Marketplace,1050,62,92,36756.96,1189.26,5,2213.31,1721.65,16,Non,None
REC01817,2026-08-29,App,2395,114,145,49137.54,5036.3,8,3103.2,4082.08,49,Non,None
REC00694,20/08/2025,Web,3203,91,131,49210.75,8471.14,6,2561.58,7975.81,26,Oui,Summer Sale
REC00602,20/07/2025,App,2823,97,144,43010.7,5909.77,4,1431.45,4398.71,36,Oui,Summer Sale
REC00448,2025/05/30,Web,2830,91,124,48088.93,1924.42,2,940.32,5807.57,38,Non,None
REC00180,2025/03/01,Marketplace,1083,42,57,24479.17,2762.52,3,1444.59,1840.52,12,Non,None
REC00817,2025-09-30,Web,2816,100,139,60901.56,717.81,4,1805.63,6000.53,25,Non,None
REC01109,2026-01-05,App,1771,66,86,32453.88,2872.98,2,819.23,4039.43,23,Non,None
REC00540,2025/06/29,Marketplace,1138,71,93,41874.84,4736.33,3,1422.51,1732.63,27,Non,None
REC01658,07/07/2026,App,1953,93,119,41132.75,4453.2,0,0.0,4096.28,36,Non,None
REC00624,2025/07/27,Marketplace,1283,71,92,45105.44,4104.47,7,3709.48,2194.42,17,Non,None
REC01133,2026-01-13,App,1806,81,111,40207.82,3453.59,5,2348.57,3651.71,22,Non,None
REC01117,2026-01-08,Web,2520,93,115,57416.21,3805.37,0,0.0,4554.69,24,Non,None
REC01458,01/05/2026,Marketplace,919,41,56,27266.05,2143.62,1,503.33,1938.15,16,Non,None
REC01428,2026/04/21,Marketplace,909,48,66,27464.71,18.48,3,1591.28,2098.26,12,Non,None
REC00692,2025/08/19,App,2979,128,183,59916.12,10407.26,7,3105.77,5209.25,43,Oui,Summer Sale
REC00335,22-04-2025,App,1892,88,113,41230.11,4108.45,3,1288.3,4489.05,28,Non,None
REC01584,2026/06/12,Marketplace,973,47,59,30405.07,1679.12,2,945.35,1808.77,16,Non,None
REC01617,2026-06-23,Marketplace,1043,49,67,25568.2,1308.08,5,2337.49,1735.89,21,Non,None
REC00074,25/01/2025,App,2351,81,104,36644.84,4297.0,5,1688.63,3338.2,30,Non,None
REC00203,09-03-2025,App,2236,126,171,54151.83,14202.29,2,834.65,4723.62,35,Oui,Ramadan
REC00609,2025-07-22,Marketplace,1096,51,71,30226.72,2110.08,2,928.29,2214.12,22,Oui,Summer Sale
REC00133,2025-02-14,Web,2314,97,131,53146.12,4035.28,4,1615.09,5075.71,29,Non,None
REC01032,2025/12/10,Marketplace,1446,84,109,53450.75,165.11,7,3889.65,2689.89,23,Non,None
REC00070,24/01/2025, Web ,2342,50,69,31637.17,3749.35,1,530.53,5127.64,15,Non,None
REC01571,08-06-2026,App,1964,97,134,41983.7,2225.46,6,2472.81,4539.24,41,Non,None
REC00544,2025/07/01,Web,2881,81,100,50016.61,4005.14,2,1041.13,5833.03,34,Non,None
REC00797,2025-09-23,App,2100,84,115,36925.32,4399.43,3,1287.77,3557.29,27,Non,None
REC00170,26/02/2025,App,1997,65,78,30252.67,3232.1,2,725.9,4096.8,27,Non,None
REC00706,24/08/2025,Web,3639,146,176,77615.95,7417.89,7,3392.81,6239.59,56,Oui,Summer Sale
REC01223,12-02-2026,App,1688,76,108,36761.39,1333.68,2,705.23,3183.89,17,Non,None
REC01348,2026/03/26,Web,2297,84,107,47879.88,3687.54,7,2931.05,5786.3,25,Non,None
REC01670,11/07/2026,App,2784,113,144,47018.59,7604.48,4,1358.28,5661.03,48,Oui,Summer Sale
REC01552,2026/06/02,Web,3483,132,197,73839.93,2357.31,9,4391.79,5420.53,51,Non,None
REC00866,16/10/2025,App,1881,85,106,42316.34,3120.96,5,2073.57,4833.6,22,Non,None
REC01674,12/07/2026,Marketplace,1640,94,126,60705.48,8272.18,3,1594.61,2657.87,23,Oui,Summer Sale
REC01267,27-02-2026,Web,2189,86,113,49945.73,181.48,6,2904.69,5081.29,21,Non,None
REC00581,2025-07-13,App,2730,128,170,57767.34,5651.46,7,2682.59,5537.2,34,Oui,Summer Sale
REC00237,2025-03-20,Marketplace,1153,58,80,29920.68,10675.48,4,1575.05,2315.34,14,Oui,Ramadan
REC00811,28-09-2025,Web,2530,108,126,58643.5,476.7,8,3133.47,4923.09,46,Non,None
REC00915,01-11-2025,Marketplace,1656,78,104,36393.34,2742.61,7,2999.54,2473.19,22,Non,None
REC01455,30-04-2026,Marketplace,877,37,49,20961.18,511.98,3,1452.09,2121.83,9,Non,None
REC00662,09/08/2025,App,2479,100,138,50859.3,4218.66,5,2330.54,4153.0,40,Non,None
REC01106,04/01/2026,App,1840,52,66,22447.01,817.77,2,681.45,3060.55,18,Non,None
REC01715,26-07-2026,App,2254,65,84,33956.67,1240.67,2,778.85,4624.12,27,Non,None
REC01016,2025/12/05,App,2486,101,133,49360.85,2092.6,6,2585.23,5722.52,27,Non,None
REC01321,2026-03-17,Web,3378,107,134,60458.5,8262.69,8,4219.19,5597.9,37,Oui,Ramadan
REC00539,29-06-2025,App,2248,89,125,42929.85,0.0,4,1683.23,4077.0,33,Non,None
REC00186,03/03/2025,Marketplace,834,41,48,22054.37,2212.15,3,1320.69,2134.77,18,Non,None
REC01290,06/03/2026,Marketplace,1351,69,86,38970.6,4262.44,3,1399.5,1998.28,20,Oui,Ramadan
REC00888,2025/10/23,Marketplace,1000,45,65,26593.77,1904.17,3,1515.45,2188.77,19,Non,None
REC00257,2025-03-27,App,1989,60,89,29306.59,2186.86,0,0.0,,23,Non,None
REC01534,27/05/2026,WEB,2442,92,115,54296.93,3560.34,7,4030.53,5696.84,38,Non,None
REC00562,07/07/2025,Web,2460,91,135,50066.93,4315.13,5,2267.29,6774.06,39,Non,None
REC00028,2025/01/10,Web,2310,74,95,40068.23,3859.52,1,411.67,5362.58,18,Non,None
REC01512,2026/05/19,Marketplace,913,50,71,30137.19,0.0,2,1067.33,1382.96,16,Non,None
REC00650,05/08/2025,App,2267,106,151,44451.83,7802.06,6,2098.66,4068.96,40,Non,None
REC01673,2026-07-12,App,261,7,9,4252.35,402.21,5,1805.28,4731.77,38,Oui,Summer Sale
REC01472,2026/05/06,App,1525,52,72,25140.69,1487.35,2,723.72,4700.97,17,Non,None
REC01575,09-06-2026,Marketplace,837,52,66,31463.54,4594.17,4,2118.05,2080.48,23,Non,None
REC01498,15/05/2026,Web,2852,86,117,47192.98,671.8,3,1232.51,5081.25,38,Non,None
REC00229,2025-03-18,Web,3225,123,154,63380.01,2943.88,4,1566.99,7321.54,46,Oui,
REC00779,17-09-2025,App,1980,64,80,33193.85,2762.58,3,1481.46,4096.25,28,Non,None
REC00469,2025-06-06,Web,2830,119,152,66616.8,6007.53,5,2588.91,4785.92,32,Non,None
REC00769,2025-09-14,Web,4845,127,177,68287.27,14332.24,7,3625.52,7149.7,46,Oui,Back to School
REC00193,2025-03-06,Web,3612,131,184,58451.54,12522.97,5,1802.45,5954.92,40,Oui,Ramadan
REC00275,02-04-2025,App,1775,63,90,32658.83,0.0,4,1780.36,4703.55,20,Non,None
REC00296,2025/04/09,App,1827,94,125,46018.75,4898.24,5,1807.46,4074.46,41,Non,None
REC00415,19-05-2025,Web,1966,66,88,35213.16,5196.28,3,1436.73,4919.84,29,Non,None
REC01103,03-01-2026,App,2298,115,158,49765.93,1500.92,7,2719.91,4067.9,47,Non,None
REC01431,22-04-2026,Marketplace,896,43,53,26424.02,978.61,3,1459.71,2000.31,11,Non,None
REC01772,2026/08/14,APP ,2382,87,108,37362.81,6263.46,7,2929.0,6033.32,21,Oui,Summer Sale
REC01146,17/01/2026,Marketplace,1036,42,59,27030.09,2357.73,4,2440.21,1429.0,12,Non,None
REC01637,2026-06-30,App,1903,113,150,51584.08,3360.28,3,1144.34,3599.64,33,Non,None
REC00622,27/07/2025,Web,3401,110,148,67954.56,4792.74,6,3071.8,5613.3,26,Non,None
REC00992,2025/11/27,App,2630,102,160,45685.91,12062.37,5,1740.14,5332.11,26,Oui,Black Friday
REC00328,2025/04/20,Web,2798,85,107,42618.07,5208.77,5,2176.05,4304.31,29,Non,None
REC00226,17/03/2025,Web,4019,152,201,80472.62,23619.63,9,3499.88,7408.2,35,Oui,Ramadan
REC00021,2025-01-07,Marketplace,917,49,62,35758.38,3805.31,3,1762.63,1505.77,21,Non,None
REC00126,11/02/2025,Marketplace,887,59,82,34091.06,3067.93,5,2528.72,1519.11,14,Non,None
REC00833,2025-10-05,App,2092,81,105,42342.13,2067.54,5,2319.17,4431.97,23,Non,None
REC01697,2026-07-20,App,2815,155,204,75872.39,14650.26,8,2856.51,4419.35,54,Oui,Summer Sale
REC01233,2026-02-15,Marketplace,992,43,57,24175.23,1475.86,2,940.96,1315.9,11,Non,None
REC00087,29-01-2025,Marketplace,769,44,63,28721.82,0.0,3,1579.87,1636.05,11,Non,None
REC00201,2025-03-08,Marketplace,1215,69,93,36957.66,6665.04,4,1898.93,2395.14,15,Oui,Ramadan
REC00402,14/05/2025,Marketplace,1131,54,71,31744.2,3306.75,3,1561.8,1674.37,17,Non,None
REC00348,2025/04/26,Marketplace,873,29,38,18293.01,1195.47,1,551.06,1602.69,11,Non,None
REC00024,2025/01/08,Marketplace,932,48,66,30670.17,1473.93,3,1698.85,1756.65,13,Non,None
REC00800,2025/09/24,App,2230,110,145,52403.41,4946.97,6,2761.15,4169.78,37,Non,None
REC00412,2025/05/18,Web,2728,80,118,52598.08,4599.47,3,1467.2,5247.03,30,Non,None
REC01554,02/06/2026,Marketplace,989,37,53,20962.32,833.95,2,983.9,1831.3,16,Non,None
REC00011,04-01-2025,App,1595,89,127,44479.75,4439.88,7,3200.28,3275.42,23,Non,None
REC01239,17-02-2026,Marketplace,682,23,30,14258.34,399.16,1,,1890.97,8,Non,None
REC00227,17-03-2025,App,2038,110,143,51253.42,5257.73,7,2490.33,4470.49,28,Oui,Ramadan
REC00907,30-10-2025,Web,3108,91,117,53048.76,4515.27,3,1697.82,6100.89,32,Non,None
REC01136,2026/01/14,App,1860,78,110,37861.35,3880.14,3,1331.81,3029.0,21,Non,None
REC00816,2025/09/29,Marketplace,1048,68,95,37908.6,135.0,6,2507.42,1998.48,17,Non,None
REC00567,08-07-2025,Marketplace,947,60,84,42232.89,4062.54,4,2526.31,1946.24,14,Non,None
REC00090,30/01/2025,Marketplace,861,51,61,34176.9,1751.7,5,2622.3,1572.25,18,Non,None
REC00777,2025-09-16,Marketplace,1045,60,90,36700.44,2951.94,2,1165.58,2165.4,21,Non,None
REC00802,25/09/2025,Web,2663,84,116,48811.01,3802.73,6,2702.27,6421.06,23,Non,None
REC01060,2025/12/20,Web,4565,151,189,73264.13,16497.28,7,2670.42,8449.44,53,Oui,Year End
REC01751,07-08-2026,App,2122,71,92,30393.87,2059.55,2,773.53,4113.71,29,Non,None
REC01123,10-01-2026,Web,2936,115,153,55704.02,6947.25,4,1621.92,5059.56,47,Non,None
REC01664,2026/07/09,App,2176,122,158,52263.17,2295.85,9,3398.81,3961.25,30,Non,None
REC01306,12/03/2026,Web,2911,128,176,64121.21,8455.94,4,1593.67,4829.69,52,Oui,Ramadan
REC00303,11-04-2025,Marketplace,1076,59,73,33997.5,2718.77,5,2701.57,1668.67,25,Non,None
REC00485,2025-06-11,App,1955,92,121,42084.74,2294.09,4,1402.09,3279.51,22,Non,None
REC01118,08/01/2026,App,1809,68,102,32287.35,2533.83,2,824.89,3541.12,25,Non,None
REC00326,19/04/2025,App,2246,98,136,46366.95,3513.57,5,2048.27,5050.72,39,Non,None
REC00787,20-09-2025,Web,2751,68,96,35546.51,2597.97,4,1747.53,4702.9,30,Non,None
REC01710,24/07/2026,Marketplace,1430,90,124,52332.15,6860.83,5,2593.92,2432.99,20,Oui,Summer Sale
REC01806,25/08/2026,Marketplace,1510,97,139,56241.31,13311.73,6,3312.3,2356.22,37,Oui,Summer Sale
REC00151,20-02-2025,Web,2358,92,125,54415.28,5439.69,5,2405.51,3731.19,35,Non,None
REC00491,13-06-2025,App,2018,96,121,51170.26,4661.42,7,3624.25,4027.79,23,Non,None
REC00980,2025/11/23,App,3676,165,226,71160.86,13284.97,10,3782.04,5959.1,60,Oui,Black Friday
REC00063,21-01-2025,Marketplace,992,51,64,28900.48,710.41,4,1793.94,2090.16,12,Non,None
REC01493,2026-05-13,App,2123,91,124,39455.59,3281.76,5,1892.72,3934.93,28,Non,None
REC01733,2026-08-01,App,2507,77,113,33949.9,4536.68,2,641.24,5302.52,29,Non,None
REC00136,2025/02/15,Web,2427,97,140,57742.16,1676.11,4,2002.92,3644.91,41,Non,None
REC01107,04-01-2026,Marketplace,1015,54,69,32443.22,615.34,1,492.26,1760.8,17,Non,None
REC00138,15/02/2025,Marketplace,943,51,73,31232.41,2624.67,3,1509.03,1678.94,18,Non,None
REC00007,03-01-2025,Web,2822,101,147,56638.01,4407.16,5,2077.3,4775.49,23,Non,None
REC01572,2026/06/08,Marketplace,957,39,52,21684.7,2048.71,1,532.65,1819.62,14,Non,None
REC01484,2026/05/10,App,2099,103,142,50266.07,7013.25,4,1911.05,3669.73,43,Non,None
REC01372,2026/04/03,Web,3092,77,100,50173.02,2200.5,4,2073.49,5195.48,23,Non,None
REC00017,2025-01-06,App,1668,58,88,27203.99,2023.78,3,1051.99,3099.29,14,Non,None
REC00368,2025/05/03,App,2100,106,132,48243.71,9122.13,5,2048.56,3485.88,36,Non,None
REC00671,12-08-2025,App,2907,136,177,59415.06,6552.42,8,3398.26,4205.82,,Oui,Summer Sale
REC01603,19-06-2026,Web,2775,102,127,59910.71,4962.22,5,2842.23,5680.76,42,Non,
REC01217,2026-02-10,App,1909,69,95,32765.69,3529.55,4,1389.28,3884.67,29,Non,None
REC00968,2025/11/19,App,2330,89,108,49434.96,1019.98,2,827.61,5012.56,29,Non,None
REC00217,2025-03-14,Web,3591,137,198,74825.7,13348.62,7,3371.3,6163.19,54,Oui,Ramadan
REC01813,2026-08-28,Web,3040,117,166,70893.06,4629.51,5,2584.11,5249.07,31,Non,None
REC00889,2025-10-24,Web,2951,87,119,46979.46,2691.1,3,1251.33,6435.89,35,Non,None
REC01737,2026-08-02,Marketplace,999,38,47,22391.95,69.02,3,1669.91,1860.46,12,Non,None
REC01041,2025-12-13,Marketplace,1259,76,112,47236.34,2279.08,7,3481.78,2666.79,33,Non,None
REC00082,28/01/2025,Web,2467,86,109,45766.12,3268.08,3,1342.1,4018.85,25,Non,None
REC01678,14/07/2026,Web,4380,143,202,75915.7,10980.56,5,2517.59,7653.56,44,Oui,Summer Sale
REC00252,2025/03/25,Marketplace,1036,50,72,31489.48,2113.74,3,1643.41,2010.28,20,Non,None
REC01001,2025-11-30,App,3216,183,248,91429.48,25602.98,6,2658.96,5319.1,70,Oui,Black Friday
REC00970,20/11/2025,Web,3810,117,152,59980.33,817.0,8,3805.91,8303.5,46,Oui,Black Friday
REC01324,2026/03/18,Web,3513,128,173,77573.1,16450.11,7,3153.01,6487.44,32,Oui,Ramadan
REC00427,23-05-2025,Web,2988,87,126,48001.47,4494.33,2,865.17,5793.6,25,Non,None
REC00404,2025/05/15,App,1822,87,107,47105.65,4372.56,2,1007.78,3077.11,35,Non,None
REC01626,26/06/2026,Marketplace,740,41,60,24123.39,950.37,3,1457.06,1793.83,18,Non,None
REC00458,02/06/2025,App,2168,63,95,32934.98,1266.47,2,801.06,4593.53,25,Non,None
REC01095,31-12-2025,Marketplace,1697,99,138,58181.26,12626.47,6,2977.39,2707.45,37,Oui,Year End
REC00441,2025-05-27,Marketplace,1030,43,61,27124.34,83.54,3,1468.86,1600.83,16,Non,None
REC01735,02-08-2026,Web,3198,108,147,62001.92,1839.75,6,2990.82,5403.26,28,Non,None
REC00432,2025/05/24,Marketplace,1068,43,61,26297.92,65.21,3,1453.25,1831.39,13,Non,None
REC01385,2026-04-07,App,1706,75,105,34438.02,2688.02,3,1126.01,3893.08,18,Non,None
REC00039,13-01-2025,Marketplace,669,36,52,21292.55,2034.65,1,525.34,1393.68,8,Non,None
REC01168,2026/01/25,Web,3076,88,120,44954.08,1850.0,4,1640.96,5132.79,29,Non,None
REC01342,24/03/2026,Web,65,92,121,45059.36,5819.46,4,1727.93,5095.28,40,Non,None
REC00860,2025/10/14,App,2041,78,106,35594.9,1514.25,4,1486.83,4998.34,27,Non,None
REC00994,28/11/2025,Web,3568,116,159,68983.26,18884.08,2,1070.52,7387.23,39,oui,Black Friday
REC00342,24/04/2025,Marketplace,822,54,80,33764.33,1496.5,4,1845.58,2163.9,15,Non,None
REC01028,2025/12/09,App,2399,104,140,48489.63,2101.92,5,1917.67,5436.68,35,Non,None
REC00253,2025-03-26,Web,2997,92,130,49154.0,4306.58,4,1854.9,5688.87,38,Non,None
REC00484,2025/06/11,Web,2967,91,118,55162.17,0.0,3,1624.13,6002.79,39,Non,None
REC00135,14-02-2025,Marketplace,910,51,76,33268.63,3430.25,5,2602.6,1188.13,18,Non,None
REC01176,2026/01/27,Marketplace,880,38,50,23249.45,1170.98,2,897.21,1642.5,15,Non,None
REC00008,2025/01/03,App,2007,90,105,46842.65,5417.87,4,1587.17,2828.69,28,Non,None
REC01778,16/08/2026,App,2647,101,139,46638.35,12268.02,4,1680.08,4806.07,34,Oui,Summer Sale
REC00708,2025/08/24,Marketplace,1221,68,98,47615.48,6365.02,4,2537.72,2447.66,15,Oui,Summer Sale
REC00249,2025-03-24,Marketplace,1059,45,63,31109.25,4960.53,3,1790.79,2302.03,20,Non,None
REC01226,13/02/2026,App,1983,96,130,47126.51,5036.03,6,2283.03,3900.04,30,Non,None
REC01707,23-07-2026,Marketplace,1259,73,98,45289.57,4889.9,5,2941.61,2404.56,24,Oui,Summer Sale
REC00649,2025-08-05,Web,2903,114,154,63335.51,5170.89,4,1625.04,7101.8,26,Non,None
REC00095,01-02-2025,App,2102,81,125,35146.52,2887.49,5,1885.99,3473.88,28,Non,None
REC00120,2025/02/09,Marketplace,993,53,75,30280.46,4442.64,3,1393.23,1347.01,18,Non,None
REC00037,2025-01-13, Web ,2657,75,113,45511.88,0.0,3,1743.83,4370.54,26,Non,None
REC00143,17-02-2025,App,1383,48,68,22788.2,2415.19,2,763.81,3725.71,16,Non,None
REC01374,03/04/2026,Marketplace,1045,46,64,28562.32,1258.59,3,1820.39,1642.24,12,Non,None
REC00608,2025/07/22,App,2375,111,145,54410.11,12318.82,4,1766.5,5124.11,28,Oui,Summer Sale
REC01350,26/03/2026,Marketplace,1088,53,78,32174.38,2427.68,3,1719.01,2048.86,20,Non,None
REC00423,21-05-2025,Marketplace,963,34,39,20458.42,1682.45,3,1738.83,1955.23,14,Non,None
REC01789,2026-08-20,Web,3765,137,199,79108.93,14306.7,5,2456.86,6717.58,60,Oui,Summer Sale
REC00941,2025-11-10,App,2192,115,148,51203.42,2567.66,3,1276.66,5072.44,30,Non,None
REC00557,2025-07-05,App,2682,112,152,47095.64,6290.53,7,2457.21,4257.17,49,Non,None
REC01610,21/06/2026,App,2176,64,85,29326.29,3635.26,4,1689.03,4221.27,28,Non,None
REC01490,12/05/2026,App,2055,80,106,37082.67,3215.01,4,1805.16,4176.11,24,Non,None
REC01802,24/08/2026,App,2457,90,125,43277.42,9518.63,6,2663.15,5375.41,24,Oui,Summer Sale
REC01805,2026-08-25,App,3002,121,160,58081.93,17791.68,4,1413.88,5249.72,43,Oui,Summer Sale
REC01184,2026/01/30,App,1714,65,88,30667.32,1129.95,2,768.28,3451.14,29,Non,None
REC01518,21/05/2026,Marketplace,959,51,64,32082.88,0.0,3,1454.44,2028.98,20,Non,None
REC01078,26/12/2025,Web,4418,148,194,85156.39,15108.32,6,2642.76,7333.51,49,Oui,Year End
REC01453,2026-04-30,Web,2694,91,123,54935.66,863.43,6,3131.33,4365.09,21,Non,None
REC00765,2025-09-12,Marketplace,1454,86,117,50229.02,15360.02,8,4167.77,2043.79,38,Oui,Back to School
REC01221,2026-02-11,Marketplace,853,46,63,27565.7,3050.09,4,2198.63,1634.74,20,Non,None
REC00603,20-07-2025,Marketplace,1499,76,113,35635.97,2938.17,5,2147.72,2330.77,27,Oui,Summer Sale
REC00559,06-07-2025,Web,3338,108,149,64711.01,2674.69,3,1718.98,6255.59,33,Non,None
REC01663,09-07-2026,Web,2832,106,142,62078.63,1359.67,4,1946.96,6011.54,47,Non,None
REC01541,2026-05-29,App,2073,89,120,40821.16,687.2,4,1396.81,3830.19,21,Non,None
REC01161,2026-01-22,Marketplace,727,28,36,16416.01,1648.54,2,1009.01,1987.11,7,Non,None
REC01101,2026-01-02,Marketplace,697,31,46,18476.13,0.0,2,975.54,2051.9,13,Non,None
REC01770,13/08/2026,Marketplace,1221,77,103,46980.69,6843.74,5,2968.89,2192.2,21,Oui,Summer Sale
REC00965,2025-11-18,App,2240,94,128,38811.29,3324.52,1,398.17,5659.4,32,Non,None
REC01386,07/04/2026,Marketplace,831,44,62,28770.87,2967.17,3,1719.62,2273.76,15,Non,None
REC00092,2025/01/31,App,1486,47,67,20540.17,909.47,2,657.72,4049.13,20,Non,None
REC00515,21-06-2025,App,2353,82,124,34062.34,3496.75,3,1029.06,4721.62,21,Non,None
REC00614,24/07/2025,App,2670,120,156,51386.13,6279.59,10,3847.27,5351.12,28,Oui,Summer Sale
REC01115,07-01-2026,App,1742,86,123,40380.18,2900.51,4,1819.02,3340.75,35,Non,None
REC00776,2025/09/16,,2017,83,116,38635.39,1809.39,4,1635.93,3989.29,32,Non,None
REC00728,2025/08/31,App,1912,103,143,48448.34,4090.19,1,453.59,3855.72,43,Non,None
REC01447,28-04-2026,Web,2855,84,106,46453.78,0.0,2,914.08,6866.4,22,Non,None
REC00535,28-06-2025,Web,3734,105,155,59775.42,4706.77,5,2571.55,5324.07,27,Non,None
REC00445,2025-05-29,Web,3194,100,143,51999.26,3208.14,3,1142.47,4752.25,35,Non,None
REC00519,22-06-2025,Marketplace,1157,70,89,43646.93,3138.34,5,2890.74,1792.09,17,Non,None
REC01745,2026-08-05,App,1881,67,95,30188.71,1768.2,3,1110.15,3953.08,16,Non,None
REC00759,10-09-2025,Marketplace,1576,93,125,58865.2,8132.2,5,3099.59,2543.44,23,Oui,Back to School
REC01022,07/12/2025,App,2792,108,143,46397.13,1917.41,3,1094.23,6139.08,46,Non,None
REC00142,17/02/2025,Web,2032,64,79,33415.29,2699.36,3,1165.29,3876.08,25,Non,None
REC01114,07/01/2026,Web,2475,79,112,45871.17,3092.27,3,1565.54,4753.23,29,Non,None
REC00959,16-11-2025,App,2634,96,124,47120.26,0.0,6,2300.14,4218.66,41,Non,None
REC00845,2025-10-09,App,2076,65,82,30366.25,859.58,4,1696.05,4902.61,21,Non,None
REC00878,20/10/2025,App,2070,79,105,39586.33,1239.66,5,1961.68,4682.38,32,Non,None
REC00903,28-10-2025,Marketplace,985,53,74,33731.58,3224.92,3,1803.77,1667.54,15,Non,None
REC00446,29/05/2025,App,1745,52,77,25654.08,824.72,3,1403.44,3408.25,15,Non,None
REC01112,2026/01/06,App,1656,57,81,24889.81,2241.32,4,1552.99,3216.24,20,Non,None
REC00897,2025-10-26,Marketplace,1366,79,115,49224.12,2663.36,5,2979.38,1715.32,31,Non,None
REC00525,2025-06-24,Marketplace,1122,57,82,36172.46,2064.05,5,2815.49,,21,Non,None
REC00954,14/11/2025,Marketplace,1344,66,86,46794.56,0.0,4,2337.4,2908.77,29,Non,None
REC01222,12/02/2026,Web,2243,65,94,33888.4,2143.28,2,759.72,4698.88,16,Non,None
REC00059,20-01-2025,App,1842,100,141,46521.99,4292.66,3,1363.75,2855.88,29,Non,None
REC01325,2026-03-18,App,2412,101,139,48802.48,11814.06,2,717.54,5028.32,23,Oui,Ramadan
REC00753,2025-09-08,Marketplace,1206,67,95,36615.05,8254.35,6,2857.0,2086.81,22,Oui,Back to School
REC00810,27/09/2025,Marketplace,1141,69,92,41575.89,4277.03,5,2878.64,2027.19,19,Non,None
REC00651,05-08-2025,Marketplace,1107,45,63,27896.83,585.98,3,1741.4,1764.19,19,Non,None
REC01331,20-03-2026,App,2150,85,120,39945.47,3647.14,3,1189.83,4620.36,20,Oui,Ramadan
REC01636,2026/06/30,Web,2886,108,152,60465.36,1722.67,4,1973.41,5996.53,27,Non,None
REC00453,2025-05-31,Marketplace,1190,76,110,46185.85,773.95,4,2366.68,2259.21,29,Non,None
REC00934,08/11/2025,Web,3961,129,183,75532.76,8484.28,6,2858.25,7124.71,31,Non,None
REC01387,08-04-2026,Web,2311,96,121,51580.81,3736.43,2,830.95,5757.77,32,Non,None
REC01261,2026-02-25,Web,2665,104,135,55955.98,0.0,6,2810.4,4827.54,41,Non,None
REC01614,22/06/2026,Marketplace,1030,44,58,28100.49,322.72,1,468.73,2083.59,14,Non,None
REC00785,2025-09-19,App,2153,99,132,47794.46,2831.78,4,1737.66,4679.47,43,Non,None
REC00987,25-11-2025,Marketplace,1198,60,77,35452.42,3371.75,5,2325.26,2714.09,14,Oui,Black Friday
REC01662,08/07/2026,Marketplace,1105,39,50,23462.03,2213.32,2,959.68,2188.48,14,Non,None
REC00015,05-01-2025,Marketplace,892,45,59,28102.93,3665.71,2,1132.28,1799.9,11,Non,None
REC00751,08-09-2025,Web,3386,141,179,74263.11,10469.57,9,4174.69,5979.2,33,Oui,Back to School
REC01231,15-02-2026,Web,2562,86,116,48599.1,2606.19,3,1558.08,4805.16,27,Non,None
REC00236,2025/03/20,App,2358,116,171,55059.98,7974.78,3,1198.52,4537.69,39,Oui,Ramadan
REC00700,2025/08/22,Web,3747,119,163,59156.12,8397.03,9,3388.48,7048.68,50,Oui,Summer Sale
REC01120,2026/01/09,Web,2356,82,112,45818.02,1862.88,6,2839.72,4913.15,23,oui,None
REC00875,19-10-2025,App,2447,109,140,44360.7,2003.38,7,2606.84,5232.48,29,Non,None
REC00697,2025-08-21,Web,3169,134,167,81168.0,16587.27,11,4902.05,8119.67,56,Oui,Summer Sale
REC01578,10/06/2026,Marketplace,1161,58,83,36605.72,1529.93,4,2183.53,1946.53,17,Non,None
REC01683,15-07-2026,Marketplace,1240,67,87,43140.46,13109.27,5,2619.28,2358.47,25,Oui,Summer Sale
REC00468,2025/06/05,Marketplace,902,47,64,29703.77,3009.33,3,1813.27,2019.12,14,Non,None
REC00189,2025-03-04,Marketplace,1062,44,60,27606.23,1956.24,2,1075.01,2058.05,11,Non,None
REC00345,2025-04-25,Marketplace,813,35,48,21966.34,2898.29,1,584.73,1211.78,14,Non,None
REC00487,12-06-2025,Web,2699,92,112,59465.75,3226.23,3,1619.86,6198.41,26,NON,None
REC00127,12-02-2025,Web,2395,83,114,45746.23,4326.7,4,1717.23,5395.71,29,Non,None
REC01243,19-02-2026,Web,2635,92,127,54224.19,2017.27,2,1141.0,4425.46,37,Non,None
REC01585,2026-06-13,Web,3152,90,121,45864.59,1651.51,4,1969.06,5058.06,38,Non,None
REC00240,2025/03/21,Marketplace,939,48,69,29317.8,587.15,1,502.12,1926.93,20,Non,None
REC01395,10-04-2026,Marketplace,1129,61,85,36672.02,1766.03,5,2780.45,2053.96,18,Non,None
REC00459,02-06-2025,Marketplace,1148,60,82,35657.81,509.08,6,3030.17,1957.09,26,Non,None
REC01323,17-03-2026,Marketplace,1382,62,90,35826.17,371.37,5,,2441.35,24,Oui,Ramadan
REC00331,21-04-2025,Web,2853,69,97,35070.74,3245.59,0,0.0,4711.91,19,Non,None
REC00798,23/09/2025,Marketplace,1031,55,73,30587.25,1993.45,3,1537.82,1844.58,13,Non,None
REC00932,2025/11/07,App,2325,80,127,38812.73,1708.79,4,1429.66,4697.95,24,Non ,None
REC00168,2025/02/25,Marketplace,804,44,62,27988.83,1766.73,2,951.02,1661.12,18,Non,None
REC00628,2025/07/29,Web,3182,126,164,67038.4,5405.78,7,3544.9,6417.36,37,Non,None
REC00960,2025/11/16,Marketplace,1304,76,102,49330.32,3798.65,4,2255.79,1922.82,27,Non,None
REC00391,11-05-2025,Web,2700,59,78,32007.81,2773.66,3,1432.18,4766.81,18,Non,None
REC01454,30/04/2026,App,2092,86,114,39809.0,3040.8,2,737.87,3957.25,29,Non,None
REC01206,06/02/2026,Marketplace,805,41,54,24854.44,1911.69,3,1593.14,1635.97,9,Non,None
REC01104,2026/01/03,Marketplace,863,36,50,21037.71,1084.28,2,948.1,1625.57,12,Non,None
REC01404,2026/04/13,Marketplace,825,51,60,30991.89,2788.78,3,1688.04,1579.32,14,Non,None
REC01364,2026/03/31,App,1934,89,121,42873.0,1683.71,5,2211.79,3754.46,23,Non,None
REC01205,2026-02-06,App,1772,64,76,31004.02,184.4,5,1791.07,3508.04,25,Non,None
REC01466,04/05/2026,App,2117,55,82,25559.61,1764.78,2,851.73,3781.2,24,Non,None
REC00123,10-02-2025,Marketplace,889,51,68,29606.45,4615.9,4,2249.74,1590.43,22,Non,None
REC01695,19-07-2026,Marketplace,1597,85,116,47479.96,7460.02,7,3045.03,2446.96,21,Oui,Summer Sale
REC01523,23-05-2026,App,2143,94,127,45481.32,4332.98,5,2027.81,4006.74,35,Non,None
REC00369,2025-05-03,Marketplace,1034,64,90,38525.04,5762.32,5,2661.54,2011.71,25,Non,None
REC01036,2025/12/12,Web,3583,132,190,72576.61,4196.02,3,1389.57,7319.38,36,Non,None
REC00632,2025/07/30,App,2124,73,95,37602.3,2488.41,2,794.9,3410.4,30,Non,None
REC00242,22/03/2025,App,2325,81,101,42829.99,2409.94,6,2818.68,4218.25,36,Non,None
REC01252,2026/02/22,Web,2672,115,171,65293.18,5564.55,4,1862.48,4920.4,36,Non,None
REC00734,02/09/2025,App,2474,111,156,54987.83,9032.23,6,2486.98,4232.75,42,Oui,Back to School
REC01013,2025-12-04,App,2114,89,122,42500.58,4241.31,5,1808.3,5169.11,37,Non,None
REC00881,2025-10-21,App,2213,96,129,40686.25,1350.22,6,2459.12,5021.89,27,Non,None
REC01761,2026-08-10,Marketplace,1294,100,140,52170.8,11550.81,5,1912.66,2439.92,44,Oui,Summer Sale
REC01473,2026-05-06,Marketplace,885,40,54,21659.18,2245.85,3,1519.73,1932.99,11,Non,None
